,Mean_Rank_or_Score,Std_Rank_or_Score
Selective_regression-path_duration_std_clinical_simple,20.218552622944582,1.6221563207809804
Selective_regression-path_duration_max_content,18.95954108621616,1.4537213824669124
Minimum_duration_of_Visit_std_clinical_simple,18.54720500099574,1.1352078914493353
Selective_regression-path_duration_std_medical,18.255618672999525,1.5326795738656702
Selective_regression-path_duration_std_content,18.133884877647294,1.5565626456796406
Selective_regression-path_duration_max_medical_original,18.00153632060918,1.457339400986399
Average_duration_of_Visit_std_clinical_simple,17.52953314889498,1.106985791973489
Selective_regression-path_duration_max_medical,17.49678483530188,1.3549821496771517
Selective_regression-path_duration_mean_clinical_simple,17.4472116713692,1.5041631699585705
Selective_regression-path_duration_std_medical_simple,17.06176282190873,1.4541274350374305
Average_duration_of_Visit_max_content,16.770097099267986,1.0685468565680143
Minimum_duration_of_Visit_mean_clinical_simple,16.71872040954414,0.962381845483955
Minimum_duration_of_Visit_max_content,16.636969686601148,1.0640012969336987
Selective_regression-path_duration_mean_medical,16.022374629290486,1.5746543038796492
Minimum_duration_of_Visit_max_clinical_simple,15.05708420367032,0.8767083056985948
Selective_regression-path_duration_max_medical_simple,14.800177069565635,1.122331748616106
Average_duration_of_Visit_mean_clinical_simple,14.407831125159946,0.9141602086002272
Average_duration_of_Visit_max_medical,13.963714008785942,1.0635926985359494
Selective_regression-path_duration_mean_content,13.92828501487925,1.4286735411532048
Average_duration_of_Visit_max_clinical_simple,13.872997113236078,0.836434645528071
Maximum_duration_of_Visit_max_content,13.820525795252692,0.9632400235191778
Duration_of_first_Visit_mean_clinical_simple,13.33852815274576,0.9207788498905773
Minimum_duration_of_Visit_max_medical,13.211370167859942,1.0435076853131633
Average_whole-fixation_eye_openness_max_clinical_simple,13.1119692490237,1.2960876814362632
Duration_of_first_Visit_std_clinical_simple,13.082807514772671,1.0189100409265854
Selective_regression-path_duration_std_medical_original,12.859067865824661,1.2640295034076796
Maximum_duration_of_Visit_std_medical_simple,12.854472571417752,0.9684381126205879
Maximum_duration_of_Visit_std_clinical_simple,12.570555011216005,0.9882186988269378
Average_whole-fixation_eye_openness_std_clinical_simple,12.41110563242351,1.5707615363232308
Duration_of_first_Visit_max_content,12.289564525511567,0.9231083193185441
Selective_regression-path_duration_mean_medical_simple,12.184477636695949,1.2925178534265294
Maximum_duration_of_Visit_mean_clinical_simple,11.90291347613565,0.8738546239492855
Average_duration_of_Visit_std_content,11.66931646093365,0.8786661415878161
Average_duration_of_Visit_std_medical_simple,11.669092686585566,0.9207485887754686
Selective_regression-path_duration_max_clinical_simple,11.57340737457524,1.2022036327186079
Duration_of_first_Visit_max_clinical_simple,11.448482027847101,0.9059734801099183
Minimum_duration_of_Visit_std_content,11.444821897982123,0.8747128517424009
Average_whole-fixation_eye_openness_mean_clinical_simple,11.412816881299907,1.385981236154459
Selective_regression-path_duration_std_clinical_original,11.303065345446642,1.059653657851294
Maximum_duration_of_Visit_max_medical,11.275424770307984,0.9036442555546941
Average_whole-fixation_eye_openness_max_medical_simple,11.015735333589092,1.2349723651368278
Minimum_duration_of_Visit_std_medical_simple,10.631305860531704,0.8869610893276527
Average_duration_of_Visit_mean_medical_simple,10.561045524093602,0.8509681688887132
Minimum_duration_of_Visit_std_medical,10.509108817286803,0.8859920840187379
Duration_of_first_Visit_std_medical_simple,10.478514011110338,0.8705598360648805
Maximum_duration_of_Visit_max_medical_simple,10.472404505363977,0.8150888307617767
Average_duration_of_Visit_std_medical,10.409358374892632,0.8664956816966971
Selective_regression-path_duration_max_clinical_original,10.335920026273914,0.8939670766441062
Maximum_duration_of_Visit_mean_medical_simple,10.298785644803454,0.8492612945916963
Minimum_duration_of_Visit_mean_medical_simple,10.228667902163375,0.8425597272810168
Duration_of_first_Visit_mean_medical_simple,9.925645981166548,0.8374176204093162
Maximum_duration_of_Visit_std_content,9.743062381381984,0.860915437249602
Selective_regression-path_duration_mean_clinical_original,9.553686153765456,1.0427991015195317
Selective_regression-path_duration_mean_medical_original,9.422943353998134,1.0875449592195272
Average_whole-fixation_eye_openness_std_medical_simple,9.25671365560345,1.335133863119689
Duration_of_first_Visit_max_medical,9.253402088857799,0.8398265034492379
Maximum_duration_of_Visit_max_clinical_simple,9.133770450230955,0.8653712436737008
First-pass_duration_std_clinical_simple,9.092276721640353,0.7470089564071623
Average_duration_of_Visit_max_medical_simple,9.033018323570788,0.7495105227503168
Minimum_duration_of_Visit_mean_medical,9.021928401638581,0.7742239370597006
Minimum_duration_of_Visit_mean_content,8.953173093143086,0.7289322311396625
Average_duration_of_Visit_mean_content,8.820101607286352,0.7172958430272773
Duration_of_first_Visit_std_content,8.74665081805711,0.765802300962261
Minimum_duration_of_Visit_max_medical_simple,8.683510516433579,0.7336928460320626
Average_whole-fixation_eye_openness_mean_content,8.620460802276217,1.4065368779728407
Total_duration_of_Visit_std_medical_simple,8.596642905145936,0.7986483461096329
Average_duration_of_Visit_mean_medical,8.518815483335736,0.7473993811930304
Average_whole-fixation_eye_openness_std_medical_original,8.47412781936869,1.4524772332271103
Average_whole-fixation_eye_openness_std_content,8.463588882068164,1.5644082635119465
Average_whole-fixation_eye_openness_mean_medical_simple,8.332906451567133,1.2818711323545016
Maximum_duration_of_Visit_std_medical,8.171705275045246,0.8300404389863483
Duration_of_first_Visit_max_medical_simple,8.123452643805592,0.7000032652393912
First-pass_duration_max_content,8.113123964863679,0.6639002885146728
First-pass_duration_mean_clinical_simple,8.03081241006202,0.7654756015608929
Duration_of_first_Visit_mean_content,7.992759406297857,0.694335131887322
Maximum_duration_of_Visit_mean_content,7.972462056064029,0.7056802632824433
Time_to_first_Visit_mean_clinical_simple,7.942728171591127,0.8129153259763731
Minimum_duration_of_Visit_max_medical_original,7.925807621634575,0.9887651411797193
Average_whole-fixation_eye_openness_mean_medical_original,7.76247933594284,1.2844556525457362
First-pass_duration_max_medical,7.709697091226164,0.6440671569842572
Duration_of_first_Visit_std_medical,7.485189075621528,0.7449565271807955
Duration_of_first_Visit_mean_medical,7.370730669820201,0.7152522382274549
Time_to_first_Visit_std_clinical_simple,7.333803092928194,0.803407286599659
Average_duration_of_Visit_max_medical_original,7.282913341543295,0.9292389414901904
Maximum_duration_of_Visit_mean_medical,7.265152543537544,0.7285943513725163
Average_whole-fixation_eye_openness_std_medical,7.173216591689138,1.4768266775711885
First-pass_first_fixation_duration_mean_clinical_simple,6.96071849090552,0.770206959146585
Average_whole-fixation_eye_openness_max_medical_original,6.924193646660504,1.163469715460606
First-pass_first_fixation_duration_mean_medical,6.849869936258915,0.8551601187329472
First-pass_first_fixation_duration_std_medical,6.8192772586386745,0.6747876149611564
Total_duration_of_Visit_std_clinical_simple,6.6878694242471575,0.7688658513195717
Time_to_first_Visit_mean_medical_simple,6.575808419777817,0.7443574689259855
Average_whole-fixation_eye_openness_max_content,6.564138994101647,1.0729705388092987
Time_to_first_Visit_std_medical_simple,6.551076720050975,0.7627173428574239
Total_duration_of_Visit_mean_medical_simple,6.439524014275107,0.7326561277633734
Total_duration_of_Visit_max_medical_simple,6.387290750190831,0.6663763231967771
Minimum_duration_of_Visit_std_clinical_original,6.369881671684118,0.7143554573291183
Number_of_Visits_max_medical_simple,6.352077758710527,0.856922277193749
Maximum_duration_of_fixations_max_medical_simple,6.30309901936008,0.6533648933296169
Duration_of_first_whole_fixation_std_medical,6.2102508927379105,0.6075031219842574
Minimum_duration_of_Visit_mean_clinical_original,6.1886665389392554,0.8122227414758482
Average_whole-fixation_eye_openness_mean_medical,6.183231831784687,1.3277243897219626
Average_duration_of_Visit_std_clinical_original,6.160427138395869,0.6985511040920285
Maximum_duration_of_whole_fixations_max_medical_simple,6.158713556129803,0.64419352449751
Total_duration_of_Visit_max_clinical_simple,6.138465726628268,0.7821826586288212
First-pass_duration_max_clinical_simple,5.983311479917727,0.5787771283329195
Time_to_first_Visit_std_content,5.966790178237877,0.7196695223092282
Total_duration_of_Visit_mean_clinical_simple,5.959863599001735,0.6907785572617631
Maximum_duration_of_Visit_min_clinical_simple,5.940965553178388,0.7358395866089888
Maximum_duration_of_Visit_max_medical_original,5.9372639838440895,0.7821735059246465
Average_duration_of_Visit_min_clinical_simple,5.917842252367868,0.7355349202062706
Time_to_first_Visit_max_medical,5.713735873908738,0.6803779198719951
Time_to_first_Visit_mean_content,5.668671987057868,0.6771424400693061
Maximum_duration_of_Visit_max_clinical_original,5.665789867672407,0.6650457498067325
Time_to_first_Visit_max_content,5.664382720830185,0.680620684009201
First-pass_first_fixation_duration_max_medical_original,5.586039416881789,0.6791545911270167
Total_duration_of_Visit_max_content,5.558024598722494,0.8064913694432283
First-pass_duration_std_medical,5.513330305571449,0.5726609408488929
First-pass_duration_std_content,5.450729537201121,0.5351572129103185
First-pass_regression_mean_clinical_simple,5.421431573537044,0.9864186043594046
Number_of_Visits_max_content,5.374788988514166,0.9031738038680008
Time_to_first_Visit_mean_medical,5.3707720130282555,0.6792028224045085
Number_of_Visits_mean_medical_simple,5.34544922660927,0.7821239950333199
Time_to_first_Visit_std_medical,5.270996521444484,0.671691618535418
Average_duration_of_Visit_mean_clinical_original,5.263093148228534,0.7265678203091891
First-pass_duration_mean_medical,5.23563803549211,0.7157655421110332
Average_duration_of_Visit_std_medical_original,5.17716903453429,0.6751837896824479
Total_duration_of_Visit_mean_content,5.131820909155078,0.6537732392613198
Average_duration_of_Visit_max_clinical_original,5.048188601089389,0.6467784003579086
Average_whole-fixation_eye_openness_max_medical,5.04582211183519,1.0298455271372233
Time_to_first_Visit_max_medical_simple,5.017120596755712,0.6611333134941865
Minimum_duration_of_Visit_max_clinical_original,5.0022451870104785,0.6474068769442476
First-pass_first_fixation_duration_std_clinical_simple,4.9808231841243416,0.5611216229425454
Total_duration_of_Visit_std_content,4.942176306451678,0.75906673433359
Minimum_duration_of_Visit_std_medical_original,4.941975327144542,0.6499352481665178
Maximum_duration_of_Visit_std_clinical_original,4.9296807856872,0.6288448677204668
Maximum_duration_of_whole_fixations_std_medical,4.910980472656527,0.4905342118254383
Duration_of_first_fixation_std_medical,4.8940416550091514,0.5388065574617608
Maximum_duration_of_fixations_std_medical,4.777401580171424,0.4832984182403694
Maximum_duration_of_whole_fixations_std_clinical_simple,4.770116430309171,0.5509016094976279
First-pass_regression_mean_medical,4.766994382936896,0.7108453777844556
Average_whole-fixation_pupil_diameter_max_medical_original,4.7620139517597515,0.5008152786648123
Maximum_duration_of_fixations_std_clinical_simple,4.731945788520598,0.5480555174855813
Time_to_first_Visit_max_medical_original,4.721230606852828,0.7254710924245134
Peak_velocity_of_exit_saccade_min_clinical_simple,4.6979224337054974,0.5440163426937448
Number_of_Visits_std_medical_simple,4.685391508009528,0.7188557700346262
Maximum_duration_of_Visit_std_medical_original,4.647925710102582,0.6762552405300183
First-pass_duration_max_medical_original,4.591568946194033,0.5542430524624415
Duration_of_first_Visit_mean_clinical_original,4.549247135799025,0.6642646117897031
Duration_of_first_Visit_std_clinical_original,4.518638499983677,0.5771378645042605
First-pass_duration_std_medical_simple,4.493526862866774,0.5075544606617239
Maximum_duration_of_fixations_std_medical_simple,4.472924772621788,0.47807478647752033
First-pass_first_fixation_duration_max_content,4.385186237920673,0.48513995727347864
Maximum_duration_of_whole_fixations_std_medical_simple,4.384235425234539,0.4747562325760421
Duration_of_first_Visit_max_medical_original,4.368087159795521,0.662176165752298
First-pass_regression_mean_medical_original,4.295673556868668,0.6518644092460928
Average_duration_of_Visit_mean_medical_original,4.265936821801326,0.6593346858709123
Average_whole-fixation_eye_openness_mean_clinical_original,4.247379806580468,1.268850361945448
Maximum_duration_of_Visit_mean_medical_original,4.201189026512304,0.6459779403158153
Duration_of_first_whole_fixation_mean_medical,4.1881830542395235,0.5398121240171188
Peak_velocity_of_exit_saccade_min_medical_simple,4.163690688557722,0.43931903386391274
Time_to_first_Visit_max_clinical_simple,4.159766630264204,0.6324857478591105
Total_duration_of_Visit_max_medical,4.151423899167862,0.7183497240942527
Average_whole-fixation_eye_openness_std_clinical_original,4.116612745837597,1.1262426227694298
Maximum_duration_of_whole_fixations_std_content,4.100436159647776,0.4632029749837812
Duration_of_first_fixation_mean_medical,4.0919417790808765,0.53032409127461
Duration_of_first_Visit_min_clinical_simple,4.076705126176542,0.6312189280515187
Maximum_duration_of_Visit_mean_clinical_original,4.0410686086107495,0.6178471544663505
Total_duration_of_Visit_std_medical,4.018687608429585,0.7432255316098227
Maximum_duration_of_fixations_std_content,3.999701096407891,0.45779716510838325
Minimum_duration_of_Visit_mean_medical_original,3.9841094460080604,0.6334579326023992
First-pass_regression_std_medical,3.9837302661754723,0.6237923089664206
Duration_of_first_whole_fixation_mean_clinical_simple,3.961676476970136,0.4127084086350273
Duration_of_first_Visit_std_medical_original,3.9554042950036377,0.5829428602264923
Time_to_first_Visit_std_medical_original,3.9459637561728687,0.6426599764514656
Duration_of_first_Visit_mean_medical_original,3.917770812946839,0.6256461649475316
First-pass_first_fixation_duration_max_medical,3.911386247273379,0.4870239073324101
Number_of_saccades_in_AOI_std_clinical_simple,3.8298682686100203,0.46507466362350597
Total_duration_of_Visit_mean_medical,3.827812981302474,0.6235313910187612
Average_duration_of_fixations_mean_clinical_simple,3.824571988107482,0.3975311782017167
First-pass_duration_mean_content,3.823944680568006,0.5894443136243955
Peak_velocity_of_entry_saccade_min_medical_simple,3.810858355427353,0.4680758880293728
Average_duration_of_whole_fixations_mean_clinical_simple,3.800918388709033,0.39604838787717256
id.phrase.in.brackets_min_medical_original,3.782199493085721,0.3596095691909415
Average_duration_of_whole_fixations_mean_medical,3.7726975798427604,0.49419770800673735
Duration_of_first_fixation_mean_clinical_simple,3.766192154743952,0.41162136408011657
Maximum_duration_of_fixations_mean_clinical_simple,3.7417335110793473,0.41775992660809375
Peak_velocity_of_entry_saccade_min_clinical_simple,3.715583752346447,0.49925794690790043
tag.id_min_medical_original,3.7152333122954593,0.4054649038464544
Maximum_duration_of_whole_fixations_mean_clinical_simple,3.7127226678991376,0.41917038502971377
Total_duration_of_whole_fixations_max_clinical_simple,3.695228427005384,0.5422670678001347
Duration_of_first_whole_fixation_max_medical,3.6933226361201714,0.46389209441536505
Duration_of_first_whole_fixation_std_clinical_simple,3.602312621760334,0.4860060701942704
Total_duration_of_fixations_max_clinical_simple,3.6004046095537436,0.5418628814021524
First-pass_duration_std_clinical_original,3.5743650430758747,0.5049019377994627
Average_duration_of_fixations_mean_medical,3.5703970832632472,0.478973451560472
Duration_of_first_Visit_max_clinical_original,3.5376921636156116,0.513268140921649
Duration_of_first_fixation_max_medical,3.5344179226745736,0.46739664075835907
Number_of_Visits_mean_content,3.5089512896027935,0.6607552962194669
Average_duration_of_whole_fixations_max_medical_original,3.4885262781527557,0.5283499558152666
Time_to_exit_saccade_min_medical_original,3.476849859080393,0.6379222359408272
Minimum_duration_of_fixations_mean_clinical_simple,3.4436593958681083,0.41978430493964625
First-pass_first_fixation_duration_mean_content,3.4395413538939743,0.5501771738899798
First-pass_regression_mean_content,3.419278641996186,0.5896776525508786
Maximum_duration_of_whole_fixations_mean_medical,3.4143289204656493,0.4569170530656968
Minimum_duration_of_whole_fixations_mean_clinical_simple,3.4091759154372085,0.4164816466702418
Time_to_first_Visit_mean_medical_original,3.405131235462017,0.5697382672672853
Time_to_first_fixation_min_medical,3.3915407273816283,0.3416099298095587
Time_to_first_Visit_min_medical,3.3915407273816283,0.3416099298095587
Maximum_duration_of_fixations_mean_medical,3.2966126632012696,0.4462274034414595
Minimum_duration_of_fixations_min_content,3.2740500272760777,0.5926829289546546
First-pass_duration_mean_clinical_original,3.2688324722381648,0.514508510108662
Number_of_saccades_in_AOI_std_medical_simple,3.203761956648799,0.40942319970913765
First-pass_first_fixation_duration_std_medical_simple,3.198738043724325,0.4149265914178346
Duration_of_first_whole_fixation_std_medical_simple,3.1907477743171033,0.4242590817298194
Average_duration_of_fixations_max_medical_original,3.1907029936844395,0.5016771710670713
Duration_of_first_fixation_std_medical_simple,3.1500354287205594,0.41924088091367245
First-pass_first_fixation_duration_std_content,3.078600687179527,0.4213481186792779
Minimum_duration_of_fixations_min_medical_simple,3.0303657441734964,0.5690657111092053
Maximum_duration_of_fixations_max_medical,3.013178469594722,0.39156762093518
Maximum_duration_of_whole_fixations_max_medical,3.013178469594722,0.39156762093518
Average_duration_of_whole_fixations_std_medical,3.0100270159617257,0.44719836662620954
First-pass_duration_max_medical_simple,3.0010294816505807,0.3799807314331726
Average_pupil_diameter_max_medical_original,2.983640687979421,0.37623940951040813
First-pass_regression_std_content,2.9662368941858235,0.5288700044176314
Time_to_entry_saccade_min_medical_original,2.951344455449355,0.45398442421058166
Average_whole-fixation_eye_openness_max_clinical_original,2.9459013513243453,0.7990561113191105
Total_duration_of_Visit_mean_medical_original,2.916621389714595,0.5246357822208539
Time_to_entry_saccade_min_content,2.9129812623357396,0.4877965777028519
Duration_of_first_whole_fixation_mean_content,2.886835757972074,0.4363899552928541
Average_duration_of_whole_fixations_std_medical_simple,2.874479934716121,0.42807288774925567
Time_to_first_whole_fixation_mean_clinical_simple,2.8681876634064314,0.45077734289141147
Total_duration_of_whole_fixations_std_medical_simple,2.855287201716595,0.40451876944153264
Peak_velocity_of_entry_saccade_min_medical,2.8529184064089974,0.43577033675376126
Time_to_first_fixation_mean_clinical_simple,2.852211658514893,0.45013458746639334
Number_of_Visits_max_medical,2.850811228762386,0.6586315515038261
Total_duration_of_fixations_std_medical_simple,2.8303495164499073,0.4059984062283193
Average_duration_of_fixations_std_medical_simple,2.8281421594337037,0.42381232242430883
Duration_of_first_fixation_mean_content,2.8176613828222368,0.4255827679436281
Total_duration_of_fixations_std_clinical_simple,2.8146984368162693,0.44678103703819194
Total_duration_of_Visit_max_medical_original,2.7955049781915897,0.6455260941711511
Time_to_exit_saccade_min_medical_simple,2.790286814364556,0.5249987562242168
First-pass_duration_max_clinical_original,2.7898642757652534,0.430307926240028
Average_whole-fixation_pupil_diameter_max_medical,2.7675714130813294,0.5134282134851141
Number_of_saccades_in_AOI_mean_clinical_simple,2.7562690645219017,0.3631388756645507
Average_duration_of_whole_fixations_mean_content,2.753530725142086,0.41453306753270375
word_id_text_min_medical_original,2.748894311532328,0.2094218981704428
Average_duration_of_whole_fixations_std_clinical_simple,2.7369481388013437,0.4501880469761259
Minimum_duration_of_whole_fixations_max_medical_original,2.727302545945571,0.44605801093414144
Maximum_duration_of_fixations_max_content,2.7219093472057976,0.4692024637313977
Duration_of_first_fixation_std_clinical_simple,2.7214806182587723,0.43417355589131407
Number_of_Visits_mean_clinical_simple,2.718973613222438,0.5605843453827499
Total_duration_of_whole_fixations_max_content,2.717293575104853,0.5251761760531958
Maximum_duration_of_whole_fixations_max_content,2.711076675324152,0.46812014507160926
Maximum_duration_of_whole_fixations_mean_content,2.7093952650332382,0.3867923377633078
Total_duration_of_whole_fixations_std_clinical_simple,2.7019827959984095,0.43825487170184835
Average_pupil_diameter_max_medical,2.6920646653008493,0.5049006483694403
Total_duration_of_fixations_max_content,2.679842687180582,0.5170836852840137
Maximum_duration_of_whole_fixations_mean_medical_simple,2.674830346682088,0.38226039495109226
Maximum_duration_of_fixations_mean_medical_simple,2.670457220891182,0.3817394941944079
First-pass_duration_mean_medical_simple,2.657743826685751,0.471887125326643
Average_duration_of_fixations_mean_content,2.6317620700446387,0.4023556316169621
Sentence_id_current_min_medical_original,2.613018300366382,0.15068672803043312
Average_duration_of_fixations_std_clinical_simple,2.610890390464973,0.4401026351172172
Maximum_duration_of_fixations_mean_content,2.60890846455846,0.37483316947244455
Average_duration_of_fixations_std_medical,2.6073327071404537,0.4221783085946072
Number_of_saccades_in_AOI_max_medical_simple,2.6012836843699243,0.36576942889627456
Average_whole-fixation_pupil_diameter_mean_medical_original,2.5916661902485356,0.38636226438741406
Average_pupil_diameter_mean_medical_original,2.585215485501463,0.38580450049031695
Duration_of_first_whole_fixation_std_content,2.5615172071702705,0.389535201695423
Regression-path_duration_max_medical_simple,2.546400825045016,0.4334833097603818
Average_pupil_diameter_min_medical,2.5427207592482937,0.5725953579245913
Time_to_entry_saccade_mean_clinical_simple,2.534014920881938,0.42664128231885035
Maximum_duration_of_fixations_max_clinical_simple,2.5128300628202114,0.40407429971850545
Maximum_duration_of_whole_fixations_max_clinical_simple,2.5128300628202114,0.40407429971850545
Average_duration_of_whole_fixations_mean_medical_simple,2.509674754281681,0.36792718450298395
Time_to_exit_saccade_min_content,2.475747752101585,0.4919971295609691
Average_duration_of_fixations_mean_medical_simple,2.469726643459261,0.36606154411169695
Minimum_duration_of_fixations_max_medical_original,2.46953302759352,0.4220492396575165
Total_duration_of_whole_fixations_max_medical_simple,2.4602787603769367,0.35939484546297484
Time_to_exit_saccade_mean_clinical_simple,2.458522372925882,0.42039717752251804
Total_duration_of_Visit_std_medical_original,2.4390188703990066,0.5842932668526345
Total_duration_of_fixations_max_medical_simple,2.42891903848573,0.35837956341264593
Average_whole-fixation_pupil_diameter_min_medical,2.4057123117809285,0.5555545040175883
Minimum_duration_of_whole_fixations_std_medical,2.399950476970445,0.4203779020094315
Duration_of_first_fixation_mean_medical_simple,2.3957102776015566,0.3688511963568487
right_dependents_std_clinical_simple,2.3936309701284597,0.39707993017470833
First-pass_regression_std_medical_original,2.3847093816558895,0.3127623446415538
tag.id_mean_clinical_original,2.3735483675037106,0.5737896462833852
Maximum_duration_of_Visit_min_medical_original,2.372076870559633,0.5177710863689254
right_dependents_mean_clinical_simple,2.3687020224233213,0.34143533578337876
Duration_of_first_whole_fixation_mean_medical_simple,2.357846812626148,0.36736737334121855
Number_of_Visits_mean_medical,2.3566759628723477,0.5880968746213208
Number_of_Visits_max_medical_original,2.353193189332602,0.6265964203149758
Duration_of_first_fixation_max_medical_simple,2.3413501173228832,0.3662581111877546
Duration_of_first_whole_fixation_max_medical_simple,2.3413501173228832,0.3662581111877546
Minimum_duration_of_fixations_max_medical,2.3299756003802186,0.37792371812718356
Time_to_first_whole_fixation_std_clinical_simple,2.3237294878272583,0.41569668510280133
Minimum_duration_of_Visit_min_medical_simple,2.3069474907416687,0.5004001879316575
Time_to_first_fixation_std_clinical_simple,2.3030878626094515,0.41465911211821327
Minimum_duration_of_fixations_std_medical_simple,2.2945984743695407,0.39753847067265724
Time_to_first_whole_fixation_min_medical_simple,2.285840970726411,0.49073603787838976
Total_duration_of_Visit_std_clinical_original,2.2634493958060706,0.4999611073041339
Sentence_id_current_mean_clinical_simple,2.262678283840719,0.4020812342403594
Duration_of_first_Visit_min_medical,2.2535583049060746,0.47372787450068937
Number_of_saccades_in_AOI_mean_medical_simple,2.252329581027394,0.3448600646794241
Average_duration_of_Visit_min_medical_original,2.2501188125270857,0.5031447716609803
Minimum_duration_of_whole_fixations_std_medical_simple,2.2426754739555603,0.3965662194509184
First-pass_first_fixation_duration_mean_clinical_original,2.2169142600298453,0.4490938926051553
Maximum_duration_of_whole_fixations_max_medical_original,2.2156376264963584,0.3278771026855477
Maximum_duration_of_fixations_max_medical_original,2.2156376264963584,0.3278771026855477
word_frequency_screen_min_medical_simple,2.1903692949775664,0.27357568825054024
Duration_of_first_fixation_std_content,2.1738686389508355,0.36052393038793806
Minimum_duration_of_fixations_std_medical,2.1597709076463683,0.4034721239450739
Average_pupil_diameter_min_medical_original,2.147124342646085,0.3946514096001647
Minimum_duration_of_whole_fixations_mean_medical,2.1459976797852285,0.43321372523940815
Average_duration_of_whole_fixations_max_medical_simple,2.1421813690386413,0.3694242496633116
Average_duration_of_fixations_max_medical_simple,2.1421813690386413,0.3694242496633116
word_id_text_mean_clinical_simple,2.1420749062066013,0.4210780819769908
id.line_std_clinical_simple,2.1409496920371103,0.42107464286224167
word_id_text_std_clinical_simple,2.140949692037069,0.42107464286224044
total_word_count_text_max_clinical_simple,2.1398245296292298,0.42107078163873
total_word_count_text_mean_clinical_simple,2.1398245296292298,0.42107078163873
word_id_text_max_clinical_simple,2.1398245296292298,0.42107078163873
total_word_count_text_min_clinical_simple,2.1398245296292298,0.42107078163873
word_frequency_screen_mean_medical_simple,2.1106667016980207,0.31179061943812464
Peak_velocity_of_exit_saccade_mean_medical_simple,2.1040951304910767,0.35028750376516793
AOI_length_mean_clinical_simple,2.102489819799996,0.2765508929792694
AOI_length_std_clinical_simple,2.0988670339853432,0.2832757592547027
Number_of_Visits_mean_medical_original,2.098179557285947,0.5209935292568694
Average_duration_of_Visit_min_medical,2.091403196151084,0.4605096219344009
total_lemma_count_text_max_clinical_simple,2.0858738084211965,0.421237770344169
total_lemma_count_text_mean_clinical_simple,2.0858738084211965,0.421237770344169
total_lemma_count_text_min_clinical_simple,2.0858738084211965,0.421237770344169
Minimum_duration_of_whole_fixations_mean_medical_simple,2.084842715511362,0.34715955935367193
Time_to_entry_saccade_std_clinical_simple,2.0767203822615405,0.394140575224835
Total_duration_of_fixations_max_medical,2.0682446751983026,0.48703900689033425
First-pass_duration_std_medical_original,2.0596278741381053,0.43502155952998856
First-pass_first_fixation_duration_mean_medical_simple,2.056359286163232,0.42065759826810023
Average_duration_of_fixations_max_content,2.0282872684029885,0.3564839001242649
Average_whole-fixation_pupil_diameter_min_medical_original,2.026850720595829,0.3929178615628072
Average_pupil_diameter_max_content,2.014967080874951,0.4278619981057928
Sentence_id_current_max_clinical_simple,2.009999170278252,0.38907726910730933
Minimum_duration_of_fixations_mean_medical_simple,2.009512715096692,0.34234080290232993
AOI_length_std_medical_simple,1.9975452344669538,0.2998697482156873
Average_whole-fixation_pupil_diameter_mean_medical,1.993364964615313,0.4617117532660854
Total_duration_of_whole_fixations_max_medical,1.992756459383289,0.4800138484675944
Average_whole-fixation_pupil_diameter_mean_content,1.985456652669485,0.4608214605478969
Average_pupil_diameter_mean_content,1.9789254380803158,0.46004706458454864
Average_pupil_diameter_mean_medical,1.973899947158771,0.4594637322031827
Minimum_duration_of_Visit_min_clinical_simple,1.9728682034036924,0.44587554138819074
Minimum_duration_of_fixations_mean_medical,1.9391639858277825,0.4074015319361819
Total_duration_of_fixations_mean_clinical_simple,1.9286230063852066,0.35692494485569404
Number_of_saccades_in_AOI_max_clinical_simple,1.9282191390625902,0.42877639659513467
word_id_screen_max_clinical_simple,1.922957645969896,0.29436089939964877
total_word_count_screen_max_clinical_simple,1.922957645969896,0.29436089939964877
word_count_screen_mean_medical_simple,1.910152016157487,0.3094709061042079
word_frequency_text_mean_medical_simple,1.908885784323781,0.34977766748355515
Regression-path_duration_mean_clinical_simple,1.902881234099244,0.35439077610853875
Average_pupil_diameter_min_content,1.8900452368001297,0.49884885697478365
Sentence_id_current_std_clinical_simple,1.8883556045643524,0.37238898760772543
Time_to_exit_saccade_std_clinical_simple,1.860910959759985,0.37401941603398003
Minimum_duration_of_whole_fixations_max_medical,1.8488065968249359,0.33730004365859645
Total_duration_of_whole_fixations_mean_clinical_simple,1.821254137100662,0.34871228305627633
Number_of_Visits_std_content,1.8034852960620384,0.5028188540045625
Duration_of_first_fixation_max_clinical_original,1.8020791732529933,0.3441620253523234
AOI_length_mean_medical_simple,1.801824352081223,0.27950768634743683
Total_duration_of_fixations_mean_medical_simple,1.799543245379958,0.35010786555157314
Total_duration_of_whole_fixations_mean_medical_simple,1.7763529758615684,0.3466646153178406
word_count_text_min_medical_simple,1.7716686674669864,0.26806022636626525
word_id_screen_min_clinical_simple,1.7716686674669864,0.26806022636626525
Time_to_first_Visit_min_content,1.7716686674669864,0.2680602263662654
First-pass_regression_max_medical_simple,1.7716686674669864,0.26806022636626525
id.phrase.in.brackets_min_clinical_simple,1.7716686674669864,0.26806022636626525
Sentence_id_current_min_medical,1.7716686674669864,0.26806022636626525
word_id_screen_min_medical_simple,1.7716686674669864,0.26806022636626525
First-pass_regression_max_clinical_simple,1.7716686674669864,0.26806022636626525
word_id_text_min_clinical_simple,1.7716686674669864,0.26806022636626525
Time_to_first_fixation_min_content,1.7716686674669864,0.2680602263662654
word_id_text_min_medical_simple,1.7716686674669864,0.26806022636626525
id.phrase.in.brackets_min_medical_simple,1.7716686674669864,0.26806022636626525
Sentence_id_current_min_clinical_simple,1.7716686674669864,0.26806022636626525
tag.id_min_medical_simple,1.7716686674669864,0.26806022636626525
Sentence_id_current_min_medical_simple,1.7716686674669864,0.26806022636626525
word_count_screen_min_medical_simple,1.7716686674669864,0.26806022636626525
word_count_screen_min_clinical_simple,1.7716686674669864,0.26806022636626525
tag.id_min_clinical_simple,1.7716686674669864,0.26806022636626525
word_count_text_min_clinical_simple,1.7716686674669864,0.26806022636626525
word_id_text_min_medical,1.7716686674669861,0.2680602263662652
tag.id_max_medical_simple,1.7710453480052177,0.26760900865363524
Average_duration_of_fixations_max_medical,1.7657368809563925,0.3239977444650246
Time_to_first_whole_fixation_mean_medical_simple,1.7560912816432472,0.3501784085486157
id.phrase.in.brackets_std_clinical_simple,1.7540727121069368,0.4000377254788697
left_dependents_mean_medical_simple,1.7503083913089883,0.2719935896450224
Total_duration_of_Visit_max_clinical_original,1.7489463576832258,0.49573748145828445
Time_to_first_fixation_mean_medical_simple,1.7448509272979187,0.3481185260912509
Time_to_first_whole_fixation_max_medical_original,1.7437963964012482,0.44157109074294065
Time_to_first_fixation_max_content,1.7388160352144175,0.3469737240526248
Average_duration_of_whole_fixations_std_content,1.7318389578190878,0.3343859419237551
Time_to_exit_saccade_max_medical_original,1.7302012593951244,0.43706683897534254
Average_whole-fixation_pupil_diameter_min_content,1.7266816473204787,0.47291474002434086
Minimum_duration_of_fixations_max_content,1.7155851209743076,0.3303632136085566
right_dependents_mean_medical_simple,1.7133591625512237,0.3004681364389766
total_lemma_count_text_min_medical_original,1.7072265166590181,0.3811594592137691
Duration_of_first_whole_fixation_max_clinical_simple,1.7048325251447582,0.3354130750355662
Regression-path_duration_mean_medical_simple,1.7028037211415414,0.3399740503098464
word_frequency_screen_std_medical_simple,1.698790625077236,0.30899224402186504
total_lemma_count_screen_max_clinical_simple,1.6977697305726545,0.2679247625875438
Time_to_first_fixation_std_medical_simple,1.6819734876240509,0.35027139296472326
total_lemma_count_screen_mean_medical_simple,1.6786419110526547,0.2605346789741221
Minimum_duration_of_whole_fixations_mean_content,1.6730549360839004,0.3643950640894309
First-pass_duration_mean_medical_original,1.6682954265256094,0.40294872265085085
id.phrase.in.brackets_max_clinical_simple,1.6657281599049052,0.39253043281917116
total_word_count_text_min_medical_original,1.6637661489398463,0.37674388445084733
Average_whole-fixation_pupil_diameter_std_clinical_simple,1.6629394255723662,0.2916286262388676
Time_to_first_Visit_mean_clinical_original,1.6590324178738813,0.4408006508852616
Time_to_first_fixation_max_medical_original,1.6504073182798373,0.4288413964133042
Average_duration_of_whole_fixations_max_medical,1.6441399309821094,0.3137518885602372
Average_duration_of_whole_fixations_max_content,1.6400566287354474,0.317301887414834
total_lemma_count_screen_max_medical_simple,1.63792370884303,0.2484821824165636
Duration_of_first_whole_fixation_max_clinical_original,1.6341116951013976,0.32945391960957826
Average_pupil_diameter_std_clinical_simple,1.6278987621476906,0.2879446353468637
word_id_screen_std_clinical_simple,1.6261215539178855,0.26294981309935994
Total_duration_of_Visit_mean_clinical_original,1.6179946253753368,0.40436449532705715
Average_duration_of_fixations_std_content,1.616637912621482,0.3257802215497536
Average_whole-fixation_pupil_diameter_max_content,1.6163472675556512,0.37674531351977686
Time_to_exit_saccade_mean_medical_simple,1.6116699768184655,0.33496486584828367
Minimum_duration_of_whole_fixations_std_clinical_simple,1.6111747411591884,0.3413940057236769
Minimum_duration_of_fixations_min_medical,1.6034761482058568,0.3940505430758704
word_id_screen_mean_medical_simple,1.5978076261169634,0.24214150738831194
total_word_count_screen_mean_medical_simple,1.5976200142822927,0.2423518390686649
word_frequency_screen_min_medical,1.5809531309328078,0.3592685933882015
word_frequency_screen_min_content,1.5809531309328078,0.3592685933882015
Time_to_first_whole_fixation_std_medical_simple,1.5803945291486858,0.34091364960461906
Time_to_entry_saccade_max_medical_original,1.5792636771854687,0.418242085187279
Duration_of_first_fixation_min_medical_simple,1.5719480212824797,0.4058932083151672
Minimum_duration_of_fixations_mean_content,1.5697536491494883,0.3521092012072876
word_id_screen_std_medical_simple,1.5688118903975918,0.22962427158059812
Time_to_exit_saccade_std_medical_simple,1.567264794599289,0.3423395330998141
Number_of_saccades_in_AOI_std_content,1.5646564701228107,0.34845163606024027
Number_of_Visits_max_clinical_simple,1.56401350280014,0.3761327527819423
Peak_velocity_of_exit_saccade_min_content,1.5520302931714218,0.2855543625042846
left_dependents_std_medical_simple,1.5520242440486496,0.24878946454745846
Minimum_duration_of_fixations_std_clinical_simple,1.5465445039695118,0.33160333379437135
word_frequency_text_std_medical_simple,1.5327029572845459,0.31413387540967197
total_word_count_screen_max_medical,1.5283905115733676,0.3562416504107029
total_word_count_screen_max_content,1.5283905115733676,0.3562416504107029
Maximum_duration_of_whole_fixations_std_medical_original,1.5227904620659474,0.4259881318772866
Time_to_first_Visit_std_clinical_original,1.5204341868108644,0.4002477998652836
Time_to_first_fixation_std_content,1.520344335018604,0.35066073914217677
Number_of_Visits_std_clinical_simple,1.5180135749263826,0.3978284052642222
Number_of_saccades_in_AOI_mean_medical,1.5178660151906904,0.33028679285382495
Time_to_entry_saccade_mean_medical_simple,1.51613273654497,0.32475613240496337
Time_to_entry_saccade_std_medical_simple,1.508836046133121,0.3351589388722077
Minimum_duration_of_fixations_min_clinical_original,1.5027390409459513,0.3956740088118799
Total_duration_of_whole_fixations_std_medical,1.5025277589771107,0.4345900509160644
Peak_velocity_of_entry_saccade_mean_medical_simple,1.4939316484106198,0.2900912623852075
total_lemma_count_screen_mean_clinical_simple,1.4912096145209535,0.2078539696532168
Total_duration_of_whole_fixations_std_content,1.490719987957949,0.39567676526348433
total_lemma_count_screen_min_medical_original,1.4883451177184635,0.30301079199583436
left_dependents_mean_clinical_simple,1.4881845460541794,0.18771735796411204
Number_of_saccades_in_AOI_std_medical,1.4850283134494442,0.3827940302749363
right_dependents_std_medical_simple,1.4739387579990946,0.3066999645590001
Total_duration_of_fixations_std_medical,1.4682012999226304,0.43619348891446896
Peak_velocity_of_entry_saccade_mean_clinical_simple,1.4664430842440856,0.29227619992655385
Average_whole-fixation_pupil_diameter_std_medical_original,1.4605355146516388,0.33095179613878806
Total_duration_of_fixations_std_content,1.4581309888961074,0.3942509410233494
word_id_screen_max_content,1.4524798536806396,0.3413641766592584
First-pass_first_fixation_duration_mean_medical_original,1.431952562784798,0.37419412455163326
Peak_velocity_of_exit_saccade_mean_clinical_simple,1.422258185839482,0.2812944485723825
tag.id_max_clinical_original,1.4214976174558835,0.4933143560376774
Time_to_first_whole_fixation_max_content,1.4203810737981115,0.31063005695460993
Total_duration_of_whole_fixations_mean_content,1.4185052311101407,0.31839911525677905
Duration_of_first_Visit_min_clinical_original,1.4173411449149214,0.3772279362230661
Duration_of_first_whole_fixation_std_clinical_original,1.4154590793152175,0.33773914796355153
id.phrase.in.brackets_mean_clinical_simple,1.4092791233248143,0.36452509010323314
Time_to_first_whole_fixation_std_content,1.408505839975318,0.3368683027680464
Total_duration_of_fixations_mean_content,1.407817591182677,0.3167870520833312
Time_to_first_fixation_max_medical,1.4021984880030756,0.30929157826002646
Average_pupil_diameter_std_medical_original,1.393223147131949,0.32202321317684207
Maximum_duration_of_fixations_std_medical_original,1.3914325220504735,0.40662601556696576
word_count_screen_std_medical_simple,1.3885522522812346,0.27910702605400156
Time_to_first_whole_fixation_max_medical,1.374887785144804,0.30610936854757376
Total_duration_of_whole_fixations_mean_medical,1.374699595057827,0.35808794672189426
tag.id_std_clinical_original,1.3719630723780032,0.5031368270647754
Time_to_first_fixation_min_clinical_original,1.3694619025674808,0.4010700431066509
Time_to_first_fixation_mean_content,1.3673659680909385,0.3170334414167737
Maximum_duration_of_fixations_min_content,1.3666031328557608,0.22867155675593623
First-pass_regression_mean_clinical_original,1.3661044387089492,0.3722469019990799
left_dependents_std_clinical_simple,1.3650729476461014,0.2291020516916335
total_word_count_screen_min_medical_original,1.363156530374382,0.2579150910481837
word_frequency_screen_min_clinical_simple,1.3612912595043138,0.2168411195780735
Time_to_first_whole_fixation_mean_content,1.361175382818186,0.31738562142608
Number_of_fixations_std_medical_simple,1.3595320209393555,0.2969801024999338
Total_duration_of_whole_fixations_max_medical_original,1.355828792316083,0.4606475853362812
Number_of_saccades_in_AOI_mean_content,1.3555091979784473,0.2622683945751705
Minimum_duration_of_whole_fixations_max_content,1.3532954063507827,0.29056860389880473
Number_of_Visits_std_medical_original,1.3466845909046463,0.4647315549665359
Total_duration_of_fixations_mean_medical,1.3455389330428518,0.35371358619402904
Number_of_whole_fixations_std_medical_simple,1.3425293615639529,0.2923230406836084
right_dependents_max_clinical_simple,1.3356673742576612,0.35256656244919493
Number_of_whole_fixations_max_medical_simple,1.3334171630583487,0.30007531487957984
Maximum_duration_of_Visit_min_medical,1.328970879446871,0.35404802764693905
Minimum_duration_of_whole_fixations_min_medical_simple,1.3255950530297196,0.14994096117262554
tag.id_std_medical_simple,1.3238041696226979,0.3351618943501485
Time_to_exit_saccade_std_content,1.3135328773744064,0.32705360475849826
Maximum_duration_of_Visit_min_clinical_original,1.3076781579811896,0.37040647418503886
Average_duration_of_Visit_min_clinical_original,1.3076781579811896,0.37040647418503886
Time_to_first_whole_fixation_mean_medical,1.3072806656974476,0.32536536712745595
Time_to_first_fixation_mean_medical,1.3041388444112385,0.3250317046701089
Time_to_first_fixation_min_clinical_simple,1.301406668677495,0.333489262575632
Time_to_first_Visit_min_clinical_simple,1.301406668677495,0.333489262575632
AOI_length_max_clinical_simple,1.2947295018501208,0.2680558709869394
Duration_of_first_fixation_std_clinical_original,1.2854055128340374,0.32130787055671195
Total_duration_of_fixations_max_medical_original,1.2669944749672701,0.44521457575918666
word_id_screen_mean_clinical_simple,1.26362716004857,0.19165313714726342
Duration_of_first_Visit_min_medical_original,1.259029642857127,0.36116935848503895
total_word_count_screen_mean_clinical_simple,1.2583792457649927,0.19135285381541733
Number_of_fixations_max_clinical_simple,1.257038050936574,0.38055347233703984
word_id_screen_max_medical_simple,1.252931178815765,0.1450890506416576
total_word_count_screen_max_medical_simple,1.252931178815765,0.1450890506416576
Time_to_entry_saccade_max_medical,1.2481550968297175,0.2738174506561967
Regression-path_duration_std_medical_simple,1.2472949144658363,0.29766958966531004
Time_to_entry_saccade_std_content,1.2273338037872883,0.31915098172777395
Average_duration_of_fixations_min_content,1.2210330900357924,0.21681586487423768
Minimum_duration_of_fixations_max_medical_simple,1.2107059117242363,0.27397519365783946
Minimum_duration_of_whole_fixations_max_medical_simple,1.2107059117242363,0.27397519365783946
First-pass_first_fixation_duration_max_medical_simple,1.2100386695666812,0.2611595819456636
Peak_velocity_of_entry_saccade_min_content,1.192707862199541,0.4386830932425801
Number_of_fixations_max_medical_simple,1.1839025852413385,0.28383904977496127
Time_to_first_whole_fixation_max_clinical_simple,1.1823812078976874,0.30755031273320554
Time_to_first_fixation_max_medical_simple,1.1819873932553109,0.29079511857660173
Number_of_fixations_mean_medical_simple,1.1737637020727234,0.29464814976186815
Number_of_Visits_std_medical,1.168232302304927,0.43361663127061567
Minimum_duration_of_Visit_min_medical_original,1.1676862419032359,0.34003922180538015
id.line_min_medical_simple,1.1591746849434712,0.3259457975793601
Time_to_entry_saccade_max_medical_simple,1.1581612723651415,0.28776300442828984
Regression-path_duration_max_clinical_original,1.1546120513561302,0.33472728440048977
total_lemma_count_text_min_medical_simple,1.1415997188275764,0.29384017224764175
Minimum_duration_of_Visit_min_content,1.1396571260859127,0.333833694769298
Number_of_saccades_in_AOI_max_content,1.1395078037936406,0.3479366158529081
Number_of_whole_fixations_max_clinical_simple,1.1388101825821604,0.34041776003914154
total_word_count_text_min_medical_simple,1.1372362652883725,0.29282143543891365
Number_of_whole_fixations_mean_medical_simple,1.1343825522738602,0.28521911101988584
Time_to_exit_saccade_mean_content,1.12001201424999,0.28174938042669173
Time_to_exit_saccade_mean_medical,1.105235683145342,0.28650899083545334
Minimum_duration_of_whole_fixations_std_content,1.1034426809105105,0.2748624289623311
Time_to_entry_saccade_mean_content,1.099154487032488,0.2814006445027411
total_lemma_count_screen_max_medical,1.09766323311532,0.31835847396607914
total_lemma_count_screen_max_content,1.09766323311532,0.31835847396607914
Minimum_duration_of_fixations_std_content,1.086779319490961,0.2730724952804067
word_count_text_mean_medical_simple,1.0806418847872634,0.292366418127246
Duration_of_first_fixation_max_clinical_simple,1.0779622954270847,0.30685176957871274
Time_to_entry_saccade_mean_medical,1.0695220774818506,0.29014050090038057
Time_to_first_whole_fixation_max_medical_simple,1.069370858174694,0.27797225906456946
total_lemma_count_text_min_content,1.065389537848261,0.2643566583414325
total_lemma_count_text_min_medical,1.065389537848261,0.2643566583414325
Time_to_first_fixation_std_medical,1.054691971661982,0.28583841087395506
Time_to_exit_saccade_max_medical_simple,1.0540048031752949,0.27580671968668363
word_count_text_max_clinical_simple,1.0423147943093267,0.13102943736630152
tag.id_mean_medical_simple,1.0199542272208308,0.29892664548066367
Time_to_exit_saccade_max_medical,1.016510539458221,0.2514754122634234
Time_to_first_whole_fixation_std_medical,1.0089589195778295,0.2793291006298729
word_frequency_screen_min_medical_original,1.0039268141165798,0.094419945922188
Average_duration_of_Visit_min_content,0.9989929276933731,0.2961195233970376
Time_to_first_Visit_min_clinical_original,0.9984071310521834,0.33315390843402154
Peak_velocity_of_entry_saccade_max_clinical_simple,0.9909660345697564,0.24684192960008636
Time_to_first_fixation_max_clinical_simple,0.9630455649548203,0.2799608390005965
Time_to_exit_saccade_std_medical,0.9517338368159841,0.2639618193770316
First-pass_first_fixation_duration_max_clinical_simple,0.9457051948507271,0.2978753368724846
Duration_of_first_whole_fixation_min_medical_simple,0.9426493219879265,0.11049060773327801
Regression-path_duration_mean_content,0.941906177253078,0.26257336426175015
Peak_velocity_of_exit_saccade_std_medical_simple,0.9233361102160699,0.2457624920127327
Peak_velocity_of_exit_saccade_std_clinical_simple,0.910267564949051,0.25168936563968364
Maximum_duration_of_Visit_min_content,0.9039019772030842,0.27967561484208114
Peak_velocity_of_exit_saccade_max_medical_simple,0.8821889614005306,0.21714367325761144
Minimum_duration_of_whole_fixations_min_medical_original,0.880245469052077,0.0719520103806916
Time_to_entry_saccade_max_content,0.8776842092646276,0.27605430021913385
Regression-path_duration_mean_medical,0.8761414545090134,0.29458504397419427
total_lemma_count_screen_std_clinical_simple,0.8717899689479037,0.2796039257312091
Minimum_duration_of_whole_fixations_min_content,0.869508422998158,0.25923161208503764
left_dependents_std_medical_original,0.8694665598484339,0.11589218304637555
total_lemma_count_screen_min_medical_simple,0.8672036382381982,0.18933937201420734
Time_to_entry_saccade_std_medical,0.862333727422727,0.25970989697791175
word_count_text_std_clinical_simple,0.8530940417532676,0.15453698970717006
Time_to_entry_saccade_min_medical_simple,0.8503313126647327,0.2699462465774179
Maximum_duration_of_whole_fixations_std_clinical_original,0.8503184166166308,0.23867260824707845
total_word_count_screen_std_clinical_original,0.8485347991028539,0.27434907713744155
Average_pupil_diameter_min_clinical_original,0.8442514045069811,0.3908506838813288
total_word_count_screen_std_medical_simple,0.8389480112350257,0.17280549599135545
Peak_velocity_of_entry_saccade_std_medical_original,0.8265213825484565,0.19320870925496442
Average_whole-fixation_pupil_diameter_min_clinical_original,0.8220984063146898,0.38626182993998565
AOI_length_min_content,0.8130408754827306,0.27751044747718817
word_count_screen_max_content,0.8130408754827291,0.27751044747718817
Total_duration_of_whole_fixations_max_clinical_original,0.8066480823102503,0.33016516664408657
Total_duration_of_fixations_max_clinical_original,0.80362271729824,0.32686153036493826
word_count_text_std_medical_simple,0.8033690260706676,0.2543339056496716
Peak_velocity_of_entry_saccade_std_clinical_simple,0.7975914356425973,0.22237300669231355
total_word_count_screen_min_medical_simple,0.7905981383773846,0.1960579594273092
Minimum_duration_of_whole_fixations_min_medical,0.7833334969265622,0.3371262492204257
total_word_count_screen_std_clinical_simple,0.7807280051757627,0.26391599270078797
Time_to_exit_saccade_max_clinical_simple,0.7794946947406577,0.25406548442633076
Average_duration_of_whole_fixations_min_medical_simple,0.774116517220663,0.14719675824418607
Maximum_duration_of_whole_fixations_min_medical_simple,0.774116517220663,0.14719675824418607
Time_to_first_whole_fixation_std_medical_original,0.7700487829873411,0.28956095179604446
Time_to_first_fixation_std_medical_original,0.7695424154079982,0.291845595521791
Number_of_saccades_in_AOI_max_medical,0.7637420835304851,0.28701124069051315
left_dependents_mean_medical_original,0.7634669574913663,0.07699123350087579
total_word_count_text_min_content,0.763018212275383,0.226811376421017
total_word_count_text_min_medical,0.763018212275383,0.226811376421017
word_count_text_mean_clinical_simple,0.7600090833600857,0.14511121501056395
Time_to_exit_saccade_std_medical_original,0.7526023629438687,0.2849939599134492
id.line_mean_medical_simple,0.7405093530886908,0.2550180142169136
Maximum_duration_of_fixations_std_clinical_original,0.722849549432238,0.21964633342011905
Average_duration_of_fixations_min_medical_original,0.7195553534727265,0.2570949455013423
Duration_of_first_fixation_min_clinical_simple,0.7171581056597344,0.24725063374570413
Duration_of_first_whole_fixation_max_content,0.7159845690123082,0.31754833289636714
Time_to_exit_saccade_max_content,0.7141494031727675,0.23314919579759066
total_lemma_count_screen_std_medical_simple,0.7138019046820144,0.20243238561460758
Time_to_entry_saccade_max_clinical_simple,0.7095997531399092,0.24252784857931908
Time_to_first_Visit_max_clinical_original,0.7080601452537539,0.25950636326209325
Regression-path_duration_std_clinical_original,0.7050066011233056,0.2591804672267357
Average_pupil_diameter_max_clinical_original,0.7034934594036619,0.36173360587209935
Duration_of_first_whole_fixation_max_medical_original,0.7000977329481677,0.3375694795281909
Number_of_fixations_std_clinical_simple,0.6998917974821317,0.2256533377628777
Duration_of_first_fixation_max_medical_original,0.6940991093083778,0.33620663786735505
Average_duration_of_fixations_min_clinical_simple,0.6878297282746638,0.2134894795770159
Average_whole-fixation_pupil_diameter_max_clinical_original,0.6809468359451367,0.35632608076332295
Time_to_entry_saccade_std_medical_original,0.6801913213604064,0.27133914091353356
First-pass_regression_mean_medical_simple,0.6774188663404498,0.3471561737268874
Number_of_saccades_in_AOI_mean_clinical_original,0.6764833912693179,0.20737064709694666
Number_of_fixations_mean_clinical_simple,0.6704865983837998,0.21902785371254735
total_lemma_count_screen_std_clinical_original,0.6703175001980868,0.2486552416202456
Average_whole-fixation_pupil_diameter_mean_clinical_original,0.6676600009977465,0.35311545501914077
id.phrase.in.brackets_mean_medical_simple,0.6629555811388278,0.23760238486990906
Average_pupil_diameter_mean_clinical_original,0.6595762242187173,0.3507955225018281
First-pass_regression_std_clinical_original,0.6434087788762168,0.3758968710947523
Number_of_whole_fixations_std_clinical_simple,0.6411907502944014,0.21427083598105368
Total_duration_of_whole_fixations_std_clinical_original,0.6255828677416528,0.2407821782961132
Maximum_duration_of_fixations_min_medical_original,0.6239058584918868,0.24554048236532497
Number_of_saccades_in_AOI_max_clinical_original,0.6221791321098997,0.2985508309055841
word_count_text_max_medical_simple,0.620339086210618,0.22522714468705568
Total_duration_of_fixations_std_clinical_original,0.6136870534096941,0.23943994927030718
total_word_count_screen_min_medical,0.6107260045504839,0.2338047019876923
total_word_count_screen_min_content,0.6107260045504839,0.2338047019876923
Number_of_whole_fixations_mean_clinical_simple,0.6091929218275354,0.20804854766121902
First-pass_first_fixation_duration_std_medical_original,0.6056150151412395,0.4243695053450192
Peak_velocity_of_entry_saccade_max_medical_simple,0.6000610615397654,0.18058865844175892
Maximum_duration_of_fixations_min_medical,0.5984360509419234,0.14618403308827843
right_dependents_max_medical_simple,0.5933836452065145,0.22646033965448595
Number_of_saccades_in_AOI_std_clinical_original,0.5827117479771925,0.21145129179455682
Number_of_Visits_max_clinical_original,0.5792650168963006,0.24827288370690664
Maximum_duration_of_fixations_min_clinical_simple,0.5629283394726609,0.19210805174464451
Maximum_duration_of_fixations_min_medical_simple,0.5558673656690098,0.262889745173238
id.line_max_clinical_simple,0.5557075007143782,0.22831530788380264
tag.id_max_medical,0.5546430776932104,0.03640184800266498
total_lemma_count_text_mean_medical_simple,0.5530499324594136,0.20456050965602432
word_id_text_mean_medical_simple,0.5488606915240972,0.20289898747829577
total_word_count_text_mean_medical_simple,0.5478792185206824,0.20277793145008785
First-pass_first_fixation_duration_max_clinical_original,0.546824588402568,0.21047965592776788
word_count_screen_min_medical_original,0.5461777485187621,0.08235165922406526
word_count_text_min_medical_original,0.5461777485187621,0.08235165922406526
word_id_screen_min_medical_original,0.5461777485187621,0.08235165922406526
First-pass_regression_max_medical_original,0.5461777485187621,0.08235165922406526
tag.id_max_clinical_simple,0.5419975876086652,0.19442591876168888
Average_duration_of_whole_fixations_std_clinical_original,0.5335680083090033,0.20869860062425352
id.line_max_medical_simple,0.530018537745832,0.21543999018663734
AOI_length_mean_medical_original,0.5289825387506152,0.08560522500562685
First-pass_first_fixation_duration_std_clinical_original,0.5260843040158876,0.23991440352808585
id.phrase.in.brackets_std_medical_original,0.5256234826853613,0.23156635016231766
word_frequency_screen_mean_medical_original,0.5016243973864827,0.09076040661985231
Number_of_saccades_in_AOI_mean_medical_original,0.49641334155220274,0.1636829765459897
Minimum_duration_of_whole_fixations_min_clinical_simple,0.49588682644093995,0.38401798929350567
Maximum_duration_of_whole_fixations_max_clinical_original,0.49240308192340093,0.1693604032602288
Maximum_duration_of_fixations_max_clinical_original,0.49240308192340093,0.1693604032602288
Duration_of_first_fixation_min_content,0.48619247432943097,0.2181648470144032
Time_to_first_whole_fixation_mean_medical_original,0.48333687525994484,0.22017748670105647
Time_to_first_fixation_mean_medical_original,0.47949046579792365,0.21924884585440635
id.line_mean_clinical_simple,0.47536747113630523,0.21211460853288117
Peak_velocity_of_entry_saccade_max_medical_original,0.47402806113416246,0.1480444252085613
word_frequency_text_min_medical_simple,0.46698789346974806,0.20452781184937202
id.line_min_clinical_original,0.466200754909227,0.19962130487962113
Minimum_duration_of_whole_fixations_std_clinical_original,0.46143710838181934,0.20582828924062013
Total_duration_of_whole_fixations_mean_medical_original,0.46054573289882406,0.20447763527915044
left_dependents_max_medical_original,0.45680433707615853,0.17840925757214973
Maximum_duration_of_whole_fixations_min_medical_original,0.45328115731855695,0.11442019275809621
Total_duration_of_fixations_mean_medical_original,0.4517871489297558,0.2007727158749981
Peak_velocity_of_exit_saccade_max_clinical_simple,0.4492344436314053,0.14336311298554602
Peak_velocity_of_entry_saccade_mean_medical_original,0.44862728954013803,0.1212170180928212
id.phrase.in.brackets_std_medical_simple,0.44091123743993615,0.1926950543836712
Regression-path_duration_mean_medical_original,0.43761224665979215,0.1987533569961376
id.line_mean_clinical_original,0.43489454759882334,0.19186196419232177
AOI_length_std_medical_original,0.43271379609675953,0.06223488338573021
Average_pupil_diameter_max_medical_simple,0.4322274612437904,0.13544839496931602
Average_duration_of_whole_fixations_min_clinical_simple,0.42824086667462113,0.18143471589292534
word_frequency_screen_max_medical_simple,0.42598285340542213,0.14177173456532377
Number_of_whole_fixations_mean_medical,0.4206500346288359,0.21651025576488775
Duration_of_first_Visit_min_medical_simple,0.41850574743064684,0.20753630436551118
Duration_of_first_fixation_min_medical,0.4177900207891699,0.18196087194677027
Average_duration_of_whole_fixations_max_clinical_simple,0.4128756970082009,0.20564625445088558
Total_duration_of_whole_fixations_std_medical_original,0.412279834533994,0.26253271377290716
Number_of_fixations_mean_content,0.41222739842974204,0.188289526862894
Average_pupil_diameter_min_clinical_simple,0.41174901493090255,0.5245110376028316
Number_of_fixations_mean_medical,0.410996054872134,0.21726051857432319
AOI_length_std_content,0.40758654145915196,0.12195984133978825
Number_of_whole_fixations_mean_content,0.40520840573072886,0.1839533831869092
Average_whole-fixation_pupil_diameter_min_clinical_simple,0.4042321149896134,0.5195395937238285
Total_duration_of_fixations_std_medical_original,0.40165369710236815,0.2574898179062209
id.line_max_clinical_original,0.40104611848989696,0.183430280570253
id.line_min_clinical_simple,0.3963868783657248,0.19459904880334508
Time_to_first_Visit_min_medical_original,0.3899826511991285,0.45503131020634074
Time_to_first_fixation_min_medical_original,0.3899826511991285,0.45503131020634074
total_lemma_count_screen_min_medical,0.38650186535378916,0.17797239265181786
total_lemma_count_screen_min_content,0.38650186535378916,0.17797239265181786
id.line_std_medical_original,0.3864310405188923,0.21258461073133345
Minimum_duration_of_fixations_std_clinical_original,0.38050423672726014,0.18526171885213463
Time_to_exit_saccade_mean_medical_original,0.3803768247472916,0.18507674612063615
AOI_length_max_content,0.3778971050453408,0.19082466320542232
Duration_of_first_whole_fixation_min_clinical_simple,0.3709811527042223,0.15035590040575894
Average_duration_of_fixations_std_clinical_original,0.3689267139159611,0.17005282696613025
word_frequency_screen_std_clinical_original,0.3641952551862918,0.3067011779348752
right_dependents_mean_medical_original,0.3607831558949826,0.04152929802596918
AOI_length_max_medical_simple,0.35975300914762953,0.12145756386274101
Average_pupil_diameter_std_medical_simple,0.3579980935525681,0.2151011578652954
id.line_min_medical_original,0.35629157504944786,0.16587461406357037
Sentence_id_current_std_medical_original,0.35204210452816187,0.18319840318607483
Time_to_entry_saccade_mean_medical_original,0.3473454324275981,0.1775711022193259
Average_whole-fixation_pupil_diameter_std_medical_simple,0.34431133261353,0.2115964700687117
Duration_of_first_fixation_max_content,0.3431107775137985,0.2325935473513366
word_frequency_text_min_medical_original,0.3376776547573408,0.15765226851516054
left_dependents_max_medical_simple,0.33657403685867104,0.12801415603538713
total_lemma_count_screen_mean_medical_original,0.3358731337695137,0.048968244466361444
Duration_of_first_whole_fixation_mean_clinical_original,0.329045191019735,0.19946358479983983
word_id_screen_mean_medical_original,0.3277830008344616,0.04292857362437079
Minimum_duration_of_whole_fixations_max_clinical_simple,0.32683035187775,0.1819157728164257
Duration_of_first_fixation_mean_clinical_original,0.326276889328648,0.19840825932068276
total_word_count_screen_mean_medical_original,0.32566342297043255,0.04314874508362676
id.phrase.in.brackets_max_medical_simple,0.32391423336584846,0.16634652867831531
word_id_text_std_medical_original,0.319923715025502,0.17752377860792176
Average_duration_of_fixations_min_medical_simple,0.31799705959284436,0.19803690861310413
Time_to_exit_saccade_min_clinical_simple,0.316792345605359,0.1729441347292678
Maximum_duration_of_whole_fixations_min_clinical_simple,0.31491273633416644,0.1559812505697017
Average_duration_of_fixations_max_clinical_simple,0.3147322908516101,0.17713992455642416
right_dependents_std_medical_original,0.31427997335513097,0.05797390100504091
Number_of_Visits_mean_clinical_original,0.3142149024863173,0.19199538242328804
total_word_count_screen_std_medical,0.31383578992853794,0.15338023625538363
word_frequency_screen_mean_clinical_simple,0.3134389952908016,0.11249100650414703
word_count_screen_mean_medical_original,0.3119743771086496,0.052319138198096506
word_id_screen_std_medical_original,0.30874417541153987,0.0449712894822722
Duration_of_first_whole_fixation_min_medical,0.3063607172093555,0.11857433057952327
total_lemma_count_text_std_content,0.3061536669204512,0.15903862969438037
tag.id_std_clinical_simple,0.304800459109952,0.12262930311313923
Minimum_duration_of_whole_fixations_mean_clinical_original,0.3045590707464072,0.1901575453599611
Duration_of_first_whole_fixation_std_medical_original,0.3037347709286073,0.2070230395299283
right_dependents_max_content,0.2903180862543657,0.13140589650578607
word_count_text_mean_clinical_original,0.289234330924556,0.24588443564886628
Average_duration_of_whole_fixations_mean_clinical_original,0.28832812544892156,0.18520807520395594
Number_of_saccades_in_AOI_std_medical_original,0.287942545765577,0.1832569326619802
word_count_screen_std_clinical_original,0.2877025669265877,0.22333919402746732
Peak_velocity_of_exit_saccade_mean_medical_original,0.2853043537681178,0.09120752889401502
Peak_velocity_of_entry_saccade_max_clinical_original,0.2852806740728318,0.2524107037356803
Peak_velocity_of_exit_saccade_std_medical_original,0.27986355303045324,0.10618262227108691
total_lemma_count_screen_std_medical,0.2794429074215975,0.1617852055489188
word_frequency_text_mean_medical_original,0.2794332422495217,0.091355217909349
First-pass_regression_std_clinical_simple,0.2697446838341687,0.8112230324692828
Minimum_duration_of_fixations_mean_clinical_original,0.26965774541447596,0.17825602688636166
Duration_of_first_whole_fixation_min_clinical_original,0.2695968757279492,0.2541661561260726
Average_duration_of_fixations_mean_clinical_original,0.2680596464807958,0.17787374098883066
Peak_velocity_of_exit_saccade_min_clinical_original,0.2669106259568386,0.1407692808257976
total_word_count_text_std_content,0.2629711499770857,0.14566621689375361
Time_to_entry_saccade_min_clinical_simple,0.2614178875967625,0.11620125488310852
Duration_of_first_whole_fixation_min_medical_original,0.2600571932390044,0.06674372975122037
Minimum_duration_of_fixations_max_clinical_simple,0.2584317277002206,0.15966820470805357
word_frequency_text_std_medical_original,0.2570686328871241,0.0783236418708963
tag.id_max_medical_original,0.2564537096775157,0.22273663284231923
id.phrase.in.brackets_max_medical_original,0.2554768373395517,0.1570793331557417
Average_duration_of_whole_fixations_min_medical_original,0.25521669408629566,0.06711726802101277
word_frequency_text_max_medical_simple,0.24794765710851618,0.11247626646947086
Maximum_duration_of_whole_fixations_mean_clinical_original,0.2397966823009114,0.1604248778379862
word_count_screen_max_medical_simple,0.23816260805877978,0.1062964484755399
word_frequency_screen_mean_clinical_original,0.2341961301521227,0.27727175465850523
Average_duration_of_whole_fixations_min_clinical_original,0.23347113844505404,0.21775565773210406
Time_to_exit_saccade_min_clinical_original,0.23226326965085758,0.16755143550509705
total_word_count_screen_std_content,0.23212915480879398,0.19671011838275232
Maximum_duration_of_whole_fixations_min_clinical_original,0.2306211096216047,0.2157437984078326
tag.id_std_medical_original,0.23059294913985057,0.11591778141562133
id.line_mean_content,0.2292061944256269,0.1348780899271689
Maximum_duration_of_fixations_mean_clinical_original,0.22890060500329665,0.15593521945483818
word_frequency_screen_std_medical_original,0.22718183142938264,0.05702843426488078
tag.id_mean_medical,0.2253757425060883,0.14417308435769358
Number_of_whole_fixations_std_medical,0.22436895223435457,0.19728294912870625
left_dependents_max_content,0.2233446562235145,0.1450109393438704
Peak_velocity_of_entry_saccade_std_medical_simple,0.22266702334222901,0.10428287502609417
First-pass_regression_std_medical_simple,0.22125914413192987,0.22784213356218888
Number_of_whole_fixations_max_content,0.22047200495205796,0.1809506795198655
word_frequency_screen_max_clinical_original,0.2193337724679336,0.22785455584844158
Sentence_id_current_mean_medical_simple,0.2188877639661819,0.12293373458285217
Duration_of_first_fixation_std_medical_original,0.21752283260061112,0.1781205583370435
total_word_count_text_mean_medical,0.21623203850605718,0.11802159815465163
total_lemma_count_text_mean_medical,0.215020952176462,0.1207522246031068
word_id_screen_std_medical,0.2141331555377662,0.1536549074782367
word_count_screen_mean_clinical_original,0.21284456142202102,0.26037356413691476
Number_of_fixations_std_medical,0.2125284574194512,0.19710626697571793
Time_to_entry_saccade_min_medical,0.21018559592904354,0.30387987564772667
Peak_velocity_of_entry_saccade_std_clinical_original,0.20871754971551326,0.20731429319043973
word_id_text_std_medical_simple,0.2086939780879437,0.12216309960576725
id.line_min_medical,0.20462833471469108,0.13318858352246168
id.line_min_content,0.20326167557904085,0.13301433686266423
Peak_velocity_of_exit_saccade_max_medical_original,0.2029883544345176,0.08045361969262123
word_id_screen_std_content,0.202712592565922,0.16338593958077327
Regression-path_duration_max_medical_original,0.20214196476718996,0.23992234639083637
id.line_mean_medical,0.20076573292081912,0.13194058051377697
tag.id_mean_content,0.1982341173690629,0.13851375072289884
Total_duration_of_whole_fixations_mean_clinical_original,0.19678263006891328,0.1351402083335448
total_word_count_text_std_medical_simple,0.19560882484294667,0.12331585221966607
total_lemma_count_text_std_medical_simple,0.19365462575606407,0.12261763482170245
total_word_count_screen_max_medical_original,0.19282651050606323,0.11264740535085378
word_id_screen_max_medical_original,0.19282651050606323,0.11264740535085378
Maximum_duration_of_whole_fixations_mean_medical_original,0.19223546258914337,0.32882929089577373
Peak_velocity_of_entry_saccade_mean_clinical_original,0.19151715026854826,0.22338969583548463
Regression-path_duration_std_medical_original,0.19104809775019163,0.24970496483816212
Average_whole-fixation_pupil_diameter_max_clinical_simple,0.1902397361995142,0.0910327361287946
Number_of_saccades_in_AOI_max_medical_original,0.1895966498588285,0.2010916646922537
Average_duration_of_fixations_min_medical,0.18887337497349171,0.09170967283839693
Time_to_first_whole_fixation_mean_clinical_original,0.1884413741784119,0.15093392812995063
total_lemma_count_screen_max_medical_original,0.18785130585584336,0.15889972074329
Duration_of_first_fixation_min_clinical_original,0.18553950661696533,0.1562486075605595
Maximum_duration_of_whole_fixations_min_medical,0.18279104179420277,0.16326449797285483
Number_of_fixations_max_content,0.18081368793393576,0.1620494020645153
total_lemma_count_screen_std_medical_original,0.17836812484675224,0.09458722036002319
Average_pupil_diameter_std_content,0.17823491102514594,0.11622350053934348
Number_of_whole_fixations_max_medical_original,0.17813735407770145,0.21591243162288173
Time_to_first_whole_fixation_min_content,0.17757966712134035,0.12564269865347233
total_lemma_count_text_max_medical_simple,0.17725835727625527,0.11575581452744202
Regression-path_duration_std_clinical_simple,0.17544139047980564,0.12929327112995145
Time_to_first_fixation_mean_clinical_original,0.1748463089586021,0.1447608485379108
left_dependents_std_content,0.1746627502763526,0.13670825699508865
Peak_velocity_of_entry_saccade_min_clinical_original,0.1743514885916034,0.14316878559969784
total_lemma_count_text_max_medical,0.17311212722059022,0.11741952419408482
total_lemma_count_text_max_content,0.17311212722059022,0.11741952419408482
Maximum_duration_of_fixations_mean_medical_original,0.17301932579546167,0.3083647540739532
tag.id_std_medical,0.17243706612483564,0.12019848041871621
Total_duration_of_fixations_mean_clinical_original,0.17179704091799708,0.12324966574329545
word_id_text_max_medical_simple,0.17134920854205135,0.1136338543376005
total_word_count_text_max_medical_simple,0.17134920854205135,0.1136338543376005
word_frequency_text_mean_clinical_original,0.17063326561320125,0.22667501188865533
tag.id_std_content,0.16950329378265028,0.12284351832449439
AOI_length_std_medical,0.16511032847280435,0.12028551708124255
word_frequency_text_min_content,0.16506939035000326,0.11445773393332091
word_frequency_text_min_medical,0.16506939035000326,0.11445773393332091
word_count_screen_mean_clinical_simple,0.16467237829661954,0.09719383143252994
Minimum_duration_of_Visit_min_medical,0.16435308535561063,0.11728524049955097
total_word_count_text_max_medical,0.1628735878308202,0.11359961841246888
total_word_count_text_max_content,0.1628735878308202,0.11359961841246888
Average_whole-fixation_pupil_diameter_std_content,0.16085752660753663,0.11021133030105117
tag.id_max_content,0.16025582783961134,0.056767758223753746
word_frequency_screen_mean_medical,0.15986971213811596,0.12566399088840116
Regression-path_duration_mean_clinical_original,0.1575320244743682,0.11770822869631295
Average_pupil_diameter_max_clinical_simple,0.15680120252684732,0.09501836024685695
AOI_length_min_clinical_original,0.15508582904408963,0.1106304497935613
right_dependents_max_clinical_original,0.1550407036634326,0.1288689502542374
word_id_screen_max_medical,0.15380292324489642,0.1434314305615121
Regression-path_duration_max_clinical_simple,0.15333323183719774,0.11940257530519265
total_lemma_count_screen_max_clinical_original,0.1532662914763065,0.2186577174897597
Number_of_whole_fixations_std_content,0.15051210347997634,0.14488155092463004
Peak_velocity_of_entry_saccade_std_medical,0.1502477670703656,0.09755635546247918
Peak_velocity_of_exit_saccade_min_medical_original,0.14823877846340686,0.16334512728014494
word_count_screen_std_content,0.14792558999128505,0.10699222559966488
Number_of_fixations_max_medical_original,0.14547498785237953,0.19669829334797534
Number_of_fixations_std_content,0.1449836527169384,0.1444888012491659
word_count_text_mean_medical,0.1447417804698614,0.09865565200755595
Average_duration_of_whole_fixations_std_medical_original,0.14419857209017684,0.14627401234004372
right_dependents_std_medical,0.14403693350434724,0.1525434670163735
total_lemma_count_screen_std_content,0.14035023482774475,0.1954807335151172
total_lemma_count_text_std_medical_original,0.13802252867699616,0.10809326823379903
word_frequency_text_max_medical,0.136613588767032,0.1009814754686127
word_frequency_text_min_clinical_simple,0.13561185510050486,0.09939633831234955
Peak_velocity_of_exit_saccade_std_content,0.13209464945897242,0.09569937886536864
Duration_of_first_fixation_min_medical_original,0.1314079724262503,0.10097874885005788
word_frequency_text_max_medical_original,0.13125187884923187,0.07631383727079183
Regression-path_duration_std_content,0.1307097231146488,0.13187601895200823
word_count_text_std_clinical_original,0.13054983497695352,0.15277933761920334
total_word_count_text_std_medical_original,0.12967618323617533,0.10450333464749438
left_dependents_max_clinical_original,0.12880500133860232,0.1941309447380835
Average_whole-fixation_pupil_diameter_max_medical_simple,0.12832269849219446,0.10875184226323703
Time_to_exit_saccade_mean_clinical_original,0.12550615781453625,0.11279654045398033
right_dependents_std_content,0.12532043935388734,0.11220576148964877
id.line_mean_medical_original,0.12123951901895497,0.09622252629954463
word_id_text_mean_medical,0.12101975765424137,0.08803453477262958
total_lemma_count_text_max_clinical_original,0.12050535343267395,0.14506422003845515
total_lemma_count_text_min_clinical_original,0.12050535343267395,0.14506422003845515
total_lemma_count_text_mean_clinical_original,0.12050535343267395,0.14506422003845515
Time_to_entry_saccade_mean_clinical_original,0.12050057382066132,0.11208611305514944
word_count_text_std_medical,0.12037692687471982,0.08936035989756058
Time_to_first_whole_fixation_min_clinical_simple,0.11859675678478493,0.0864146077084153
left_dependents_max_clinical_simple,0.11601527588115487,0.10420016355496112
word_count_text_mean_content,0.11557739473383333,0.07977751123242625
word_count_screen_max_clinical_original,0.11504849171032251,0.132840398043078
left_dependents_std_medical,0.11501740983751427,0.11622985783592976
total_lemma_count_screen_mean_content,0.11343374025175258,0.10312746038073684
total_word_count_screen_mean_content,0.113407826983491,0.11438239534624321
Average_duration_of_whole_fixations_min_medical,0.11227582680683669,0.1349565366271173
Average_duration_of_Visit_min_medical_simple,0.1101453074882113,0.07947581836051484
Sentence_id_current_max_medical_original,0.11012107095962095,0.09804401239175753
word_count_screen_std_medical_original,0.10996020211983536,0.05333964691079302
AOI_length_max_medical_original,0.10939708273172608,0.27306825321627165
total_word_count_screen_std_medical_original,0.10931801400599916,0.058685609465425344
total_word_count_screen_min_clinical_original,0.10567191029272195,0.11535098918676734
id.phrase.in.brackets_std_medical,0.10453554371049029,0.09385723500798956
word_frequency_text_std_content,0.10447220166248711,0.20118478894512815
id.phrase.in.brackets_min_clinical_original,0.10418511637760443,0.07788522617063026
id.phrase.in.brackets_std_clinical_original,0.1041851163776044,0.07788522617063023
id.phrase.in.brackets_mean_clinical_original,0.10418511637760439,0.0778852261706302
id.phrase.in.brackets_max_clinical_original,0.10418511637760426,0.07788522617063023
word_id_screen_mean_content,0.10189006570082501,0.10290237695415982
id.line_max_medical_original,0.10172551290422667,0.0838099418945808
id.line_std_medical,0.10128419081310276,0.09659015244536415
id.phrase.in.brackets_max_medical,0.10029248864782525,0.09654967357666121
id.phrase.in.brackets_max_content,0.10029248864782525,0.09654967357666121
total_lemma_count_text_std_medical,0.099711653743614,0.09735894857808765
Time_to_first_fixation_std_clinical_original,0.09873097275237973,0.10012461480060418
word_count_text_max_medical,0.09821610820026798,0.07625312945806298
total_word_count_screen_max_clinical_original,0.09765587388003291,0.19034354235915807
word_id_screen_max_clinical_original,0.09765587388003291,0.19034354235915807
Average_duration_of_fixations_std_medical_original,0.09765277651746143,0.12323198063660305
Peak_velocity_of_entry_saccade_std_content,0.09756625934392961,0.0745747030170538
word_id_text_max_clinical_original,0.09558109202426612,0.13135859806262762
total_word_count_text_max_clinical_original,0.09558109202426612,0.13135859806262762
total_word_count_text_mean_clinical_original,0.09558109202426612,0.13135859806262762
total_word_count_text_min_clinical_original,0.09558109202426612,0.13135859806262762
word_id_text_max_medical_original,0.09486869188384953,0.09296673718158745
Peak_velocity_of_exit_saccade_std_medical,0.09415754839617535,0.07564914995508752
id.line_max_content,0.0928906192071052,0.08497491379510011
right_dependents_mean_content,0.09264804608353422,0.08089217815113273
total_word_count_text_std_medical,0.09238771346864452,0.09043799436826667
word_count_text_max_content,0.09202079394655628,0.09460884123828156
id.line_max_medical,0.09165253800743363,0.08439322136299178
Duration_of_first_whole_fixation_mean_medical_original,0.09012667358263077,0.27577043092354175
total_lemma_count_text_mean_content,0.08921106603137009,0.05837007331382981
Average_pupil_diameter_std_medical,0.08770174264568363,0.09352927855199827
id.phrase.in.brackets_mean_medical,0.08748137160045091,0.07924091109854732
word_frequency_screen_max_medical,0.08647899943799356,0.07942637648579498
right_dependents_std_clinical_original,0.08561862310422066,0.14560001909448095
Sentence_id_current_max_content,0.08531961636236453,0.07733133139230622
Peak_velocity_of_exit_saccade_mean_clinical_original,0.08495336827086987,0.1628532581897497
word_id_text_mean_clinical_original,0.0839835184075959,0.12534469412012378
total_lemma_count_screen_mean_clinical_original,0.083816277176962,0.18293205970646406
Average_whole-fixation_pupil_diameter_std_medical,0.08217460395216544,0.09100411550757495
right_dependents_max_medical_original,0.08187702605335695,0.08624685499729345
Duration_of_first_fixation_mean_medical_original,0.0813651370531634,0.2612833319135148
Sentence_id_current_max_medical,0.0812768872930996,0.075537588063986
Peak_velocity_of_exit_saccade_max_clinical_original,0.0808284960881199,0.1592735810860054
Number_of_Visits_std_clinical_original,0.08045510843398124,0.09682966381858792
total_word_count_text_mean_content,0.07926419116646292,0.053237957372173385
left_dependents_mean_medical,0.07798411337403369,0.07989021966097275
id.phrase.in.brackets_mean_content,0.07783031082611408,0.07091312678644934
Peak_velocity_of_entry_saccade_mean_content,0.07614583248922868,0.05849379647171628
Time_to_entry_saccade_min_clinical_original,0.0758502713290843,0.12053605378055315
word_frequency_screen_std_content,0.07484561830827137,0.07698688126753694
Average_duration_of_fixations_max_clinical_original,0.07294620358827032,0.09540699799816944
AOI_length_mean_medical,0.07240835140761505,0.0629610932508871
word_frequency_screen_max_content,0.07098433393071742,0.09164174979580242
Time_to_exit_saccade_max_clinical_original,0.07098184965911457,0.08530104515665678
word_count_screen_mean_medical,0.07093311506576697,0.06524880378977725
word_count_screen_max_clinical_simple,0.0678337552383213,0.07468133468472563
Average_whole-fixation_pupil_diameter_min_medical_simple,0.06718813112114162,0.13891588338002087
Average_pupil_diameter_min_medical_simple,0.06686957124114548,0.13572049143784093
Time_to_first_whole_fixation_std_clinical_original,0.06679894917236762,0.08092955243462542
Time_to_first_whole_fixation_max_clinical_original,0.06612599276948304,0.08231781766792744
Sentence_id_current_max_clinical_original,0.06591505098484865,0.10841046219291979
right_dependents_mean_medical,0.06414823010797172,0.09417691466471556
total_lemma_count_text_mean_medical_original,0.06319950652431108,0.050390523652152595
tag.id_mean_medical_original,0.0615268005321762,0.0628270173055132
word_frequency_text_std_clinical_original,0.05928862566388883,0.17381584585747833
Number_of_whole_fixations_max_medical,0.059060627685180854,0.10196019026993201
Number_of_fixations_mean_clinical_original,0.059022393162840865,0.08413820487528334
Average_duration_of_whole_fixations_mean_medical_original,0.058850194340812345,0.2470332147381403
Peak_velocity_of_exit_saccade_min_medical,0.0586830837877397,0.09581182289252059
tag.id_mean_clinical_simple,0.05830771318527094,0.07044423774070308
Peak_velocity_of_exit_saccade_std_clinical_original,0.05766098337378739,0.12243100778684046
total_word_count_text_mean_medical_original,0.05765790673804306,0.04825342552555838
Sentence_id_current_mean_medical,0.05740934400872196,0.06046607834080044
word_id_screen_std_clinical_original,0.05552484740349513,0.15982948761581223
total_lemma_count_text_max_medical_original,0.05530316381542152,0.04965582991409442
Minimum_duration_of_fixations_min_clinical_simple,0.055076278787624576,0.05244541301099596
Number_of_fixations_max_medical,0.054230514254313314,0.09500029701173719
word_frequency_text_max_clinical_simple,0.05413538139014528,0.09178747787111571
right_dependents_mean_clinical_original,0.05365329505534147,0.15639446605018023
word_frequency_screen_max_clinical_simple,0.053151013770156276,0.07099194947084274
total_word_count_text_max_medical_original,0.05195399366487144,0.047890866783163615
Time_to_first_whole_fixation_min_medical,0.0516665883823363,0.04876477060896793
right_dependents_max_medical,0.05138998049918336,0.06405084878491481
Average_duration_of_fixations_mean_medical_original,0.05135155481788466,0.2308125242717888
id.phrase.in.brackets_std_content,0.051001070510047326,0.06251262889013634
Time_to_entry_saccade_max_clinical_original,0.05037656500509111,0.07319553890330102
Average_duration_of_whole_fixations_min_content,0.05022409683255465,0.04434489507618463
Maximum_duration_of_whole_fixations_min_content,0.05022409683255465,0.04434489507618463
Number_of_whole_fixations_mean_medical_original,0.049911922844674356,0.07719868445282621
Duration_of_first_Visit_min_content,0.049724815490118424,0.06478733525135058
Number_of_fixations_mean_medical_original,0.04946488793582879,0.07710693993053333
Sentence_id_current_std_medical_simple,0.04874869408465385,0.059951422046662504
word_count_text_max_clinical_original,0.04827105079823954,0.0832378551065388
word_frequency_text_max_content,0.04787005604124163,0.05491140566663962
Average_whole-fixation_pupil_diameter_mean_medical_simple,0.047503434523709795,0.2676099396328215
Average_pupil_diameter_mean_medical_simple,0.04716812795811521,0.26479294352884825
Duration_of_first_whole_fixation_min_content,0.04704432319665399,0.18450906356838018
Peak_velocity_of_exit_saccade_mean_content,0.047000031926652516,0.05410592548449466
total_lemma_count_screen_min_clinical_original,0.04674152176752051,0.10353566292526388
Time_to_first_fixation_min_medical_simple,0.04661696127174712,0.2566446481631809
Time_to_first_Visit_min_medical_simple,0.04661696127174712,0.2566446481631809
id.phrase.in.brackets_mean_medical_original,0.04660475410258659,0.07683350963591659
Sentence_id_current_mean_clinical_original,0.04653064403689606,0.09240611829596249
Peak_velocity_of_exit_saccade_mean_medical,0.04631351736167062,0.04255653614450575
word_count_screen_max_medical,0.046280675928060996,0.05552190356989063
word_frequency_text_std_medical,0.046235499645644856,0.056598330670865844
Sentence_id_current_max_medical_simple,0.04621240757114691,0.05978605384544984
Peak_velocity_of_entry_saccade_min_medical_original,0.04591268907378316,0.09704540646448857
Number_of_whole_fixations_mean_clinical_original,0.0455542787977574,0.07459965895264783
left_dependents_std_clinical_original,0.04538190342322845,0.14825924229819362
word_frequency_text_std_clinical_simple,0.04527040653434742,0.08747139614634479
word_frequency_text_mean_content,0.04415480593944743,0.10089030011822327
Average_pupil_diameter_mean_clinical_simple,0.043555458427784445,0.23068235811190363
Average_whole-fixation_pupil_diameter_mean_clinical_simple,0.04343254264636399,0.230359504971918
left_dependents_mean_clinical_original,0.04282132879987532,0.15369210058112698
Time_to_first_whole_fixation_min_clinical_original,0.04221447712413132,0.055905290985066386
id.line_std_clinical_original,0.04099186932909167,0.07277542208720332
word_id_text_std_clinical_original,0.040991869329091005,0.07277542208720308
total_word_count_screen_mean_clinical_original,0.04098557152553432,0.1447092415436888
word_id_screen_mean_clinical_original,0.040970758667115435,0.14496294447686006
word_frequency_text_mean_clinical_simple,0.040567339020344366,0.08851006062396512
Maximum_duration_of_Visit_min_medical_simple,0.0400377292488652,0.0355205180229866
Minimum_duration_of_fixations_max_clinical_original,0.03990930337093993,0.07780002103648868
word_id_text_mean_content,0.0394224772219289,0.05728550793357145
Sentence_id_current_std_content,0.03919673725668169,0.044979873686113225
Sentence_id_current_std_medical,0.03837315254962932,0.04588403615942603
First-pass_regression_max_clinical_original,0.03782826061971547,0.15408984634734407
Sentence_id_current_min_clinical_original,0.03782826061971547,0.15408984634734407
word_id_screen_min_clinical_original,0.03782826061971547,0.15408984634734407
word_count_text_min_clinical_original,0.03782826061971547,0.15408984634734407
word_id_text_min_clinical_original,0.03782826061971547,0.15408984634734407
tag.id_min_clinical_original,0.03782826061971547,0.15408984634734407
word_count_screen_min_clinical_original,0.03782826061971547,0.15408984634734407
Regression-path_duration_max_medical,0.03624747539915632,0.0542775851707403
word_frequency_screen_std_clinical_simple,0.03624365227715057,0.06490515912019638
Time_to_first_fixation_max_clinical_original,0.036231616888495556,0.061659698359910226
word_frequency_screen_min_clinical_original,0.03486700590319611,0.09901111917269641
word_frequency_screen_std_medical,0.034802834661420694,0.03479672448450205
Number_of_fixations_max_clinical_original,0.03433429943757913,0.09168527706875608
word_count_text_std_content,0.033848454520735066,0.039092396685521794
Minimum_duration_of_Visit_min_clinical_original,0.03368767326713091,0.03119487650467255
word_count_text_mean_medical_original,0.03364914274018515,0.05191933443028657
Minimum_duration_of_whole_fixations_min_clinical_original,0.0336293393274353,0.13293956546765653
word_id_text_max_content,0.033358358828754285,0.05555869634308233
Average_pupil_diameter_std_clinical_original,0.032947458390674936,0.06348181419029925
Minimum_duration_of_fixations_min_medical_original,0.032779002371318165,0.05043837323116787
AOI_length_mean_clinical_original,0.03239622970423811,0.11111114091819994
word_id_text_mean_medical_original,0.03201038601353732,0.055830832299996545
word_frequency_text_min_clinical_original,0.03194211133279315,0.07032060207634164
AOI_length_max_medical,0.031498617037076675,0.06589224464389078
Average_whole-fixation_pupil_diameter_std_clinical_original,0.03132159258198179,0.06251806722069564
AOI_length_max_clinical_original,0.031131847212153986,0.13944265951499593
AOI_length_std_clinical_original,0.030426563151625906,0.11845375583044719
AOI_length_mean_content,0.03039951864466194,0.032258403353968894
word_count_screen_std_medical,0.030372473806965547,0.03218802250384024
word_id_text_max_medical,0.030351741202073144,0.05373443017368444
id.line_std_content,0.03005450003097146,0.03856731781270153
Minimum_duration_of_fixations_mean_medical_original,0.029641013853609195,0.10564316270747236
word_frequency_screen_max_medical_original,0.029475391963828534,0.14792918794264687
word_frequency_text_max_clinical_original,0.029328254904036847,0.10425204005054692
word_count_screen_std_clinical_simple,0.028767178222164142,0.06308511015647315
Regression-path_duration_max_content,0.028745195549090913,0.07194931908115274
Average_duration_of_whole_fixations_max_clinical_original,0.028737210968793118,0.061938055405793425
Sentence_id_current_mean_content,0.028613206866394646,0.042292213730546716
Sentence_id_current_std_clinical_original,0.02842538045836345,0.056360423518763886
word_frequency_screen_mean_content,0.02841841181162078,0.08451825753778786
Average_duration_of_fixations_min_clinical_original,0.028015494668825164,0.05534538981614415
Minimum_duration_of_whole_fixations_mean_medical_original,0.027953556721342476,0.11457819659778803
Number_of_whole_fixations_max_clinical_original,0.027129900719757013,0.07830117444414499
word_count_screen_mean_content,0.027058397525402907,0.02943454992267507
total_lemma_count_screen_min_clinical_simple,0.026872470541196628,0.08120675757512821
Maximum_duration_of_fixations_min_clinical_original,0.026376512817024262,0.0557841569933355
word_frequency_text_mean_medical,0.026354404363300672,0.02830297633712878
word_id_screen_mean_medical,0.02589867450856217,0.05239709013796512
total_word_count_screen_min_clinical_simple,0.025860840237664714,0.07860205021300984
Time_to_exit_saccade_min_medical,0.025813365509073313,0.07432229546473286
id.line_std_medical_simple,0.02572250476782164,0.03162858741835214
Time_to_entry_saccade_std_clinical_original,0.024980743153939014,0.05065458420406905
Number_of_whole_fixations_std_clinical_original,0.024809229000475476,0.05557884714362457
Number_of_fixations_std_clinical_original,0.024593297842962537,0.0550120427095486
Number_of_whole_fixations_std_medical_original,0.024240605838978756,0.0740113491586274
Number_of_fixations_std_medical_original,0.024094402262139162,0.07213568261562517
left_dependents_max_medical,0.023977495184603945,0.02717237522256964
Regression-path_duration_std_medical,0.023711496895429663,0.04306537271316713
left_dependents_mean_content,0.023625824153834022,0.056139796652413
Peak_velocity_of_exit_saccade_max_content,0.023491490776455168,0.031729795514742
word_id_text_std_content,0.022877727603962335,0.02504485971607361
Sentence_id_current_mean_medical_original,0.022776076933705203,0.036863829215607026
Peak_velocity_of_entry_saccade_max_content,0.0225645841329629,0.02873016447235959
total_lemma_count_screen_mean_medical,0.022373517703462912,0.02534686544876292
Peak_velocity_of_entry_saccade_mean_medical,0.02234869892008387,0.023187706190199126
total_word_count_screen_mean_medical,0.022228229229202468,0.02637824397952914
Time_to_exit_saccade_std_clinical_original,0.022169802930334322,0.048610692642847786
word_id_text_std_medical,0.02204286360729444,0.03990189858210951
word_count_text_max_medical_original,0.0220163207149631,0.026815419477533395
Peak_velocity_of_exit_saccade_max_medical,0.021904348434690486,0.026011230044182126
Minimum_duration_of_whole_fixations_max_clinical_original,0.02164452796102883,0.055553849601937724
Minimum_duration_of_whole_fixations_std_medical_original,0.02140926120449241,0.056596737546848463
Time_to_first_whole_fixation_min_medical_original,0.021186067321838448,0.03433206691526553
Peak_velocity_of_entry_saccade_max_medical,0.020580003314613734,0.03113645033887889
word_count_screen_max_medical_original,0.020459252747362263,0.06383007691177624
word_count_text_std_medical_original,0.01980943252495788,0.04995850116772761
Minimum_duration_of_fixations_std_medical_original,0.0180669498336918,0.04539809529096839
