Feature,Stability_Count,Mean_Rank_or_Score,Stability_Rank,Internal_Rank,Global_Score
word_frequency_text_std_non_medical,50.0,1.0,78.5,18.0,96.5
Number_of_fixations_mean_non_medical,50.0,1.0,78.5,18.0,96.5
word_frequency_text_max_non_medical,50.0,1.0,78.5,18.0,96.5
word_frequency_screen_max_non_medical,50.0,1.0,78.5,18.0,96.5
Duration_of_first_fixation_std_non_medical,50.0,1.0,78.5,18.0,96.5
Duration_of_first_fixation_min_non_medical,50.0,1.0,78.5,18.0,96.5
Duration_of_first_fixation_mean_non_medical,50.0,1.0,78.5,18.0,96.5
Number_of_fixations_std_non_medical,50.0,1.0,78.5,18.0,96.5
Duration_of_first_fixation_max_non_medical,50.0,1.0,78.5,18.0,96.5
Average_pupil_diameter_std_non_medical,50.0,1.0,78.5,18.0,96.5
Average_pupil_diameter_min_non_medical,50.0,1.0,78.5,18.0,96.5
word_frequency_text_max_content,50.0,1.0,78.5,18.0,96.5
Average_pupil_diameter_mean_non_medical,50.0,1.0,78.5,18.0,96.5
word_frequency_text_mean_content,50.0,1.0,78.5,18.0,96.5
Average_pupil_diameter_max_non_medical,50.0,1.0,78.5,18.0,96.5
word_frequency_screen_min_non_medical,50.0,1.0,78.5,18.0,96.5
Selective_regression-path_duration_max_non_medical,50.0,1.0,78.5,18.0,96.5
Number_of_fixations_max_non_medical,50.0,1.0,78.5,18.0,96.5
total_lemma_count_text_max_non_medical,50.0,1.0,78.5,18.0,96.5
word_frequency_text_std_content,50.0,1.0,78.5,18.0,96.5
Total_duration_of_whole_fixations_mean_non_medical,50.0,1.0,78.5,18.0,96.5
total_lemma_count_screen_mean_content,50.0,1.0,78.5,18.0,96.5
Time_to_first_fixation_std_non_medical,50.0,1.0,78.5,18.0,96.5
Time_to_first_fixation_min_non_medical,50.0,1.0,78.5,18.0,96.5
word_frequency_text_min_non_medical,50.0,1.0,78.5,18.0,96.5
Time_to_first_fixation_mean_non_medical,50.0,1.0,78.5,18.0,96.5
Time_to_first_fixation_max_non_medical,50.0,1.0,78.5,18.0,96.5
total_lemma_count_screen_mean_non_medical,50.0,1.0,78.5,18.0,96.5
word_frequency_text_mean_non_medical,50.0,1.0,78.5,18.0,96.5
total_lemma_count_screen_min_content,50.0,1.0,78.5,18.0,96.5
total_lemma_count_screen_min_non_medical,50.0,1.0,78.5,18.0,96.5
total_lemma_count_screen_std_content,50.0,1.0,78.5,18.0,96.5
total_lemma_count_screen_std_non_medical,50.0,1.0,78.5,18.0,96.5
word_frequency_text_min_content,50.0,1.0,78.5,18.0,96.5
Average_duration_of_whole_fixations_std_non_medical,50.0,1.0,78.5,18.0,96.5
total_word_count_text_std_non_medical,50.0,2.2,78.5,75.0,153.5
total_word_count_text_min_non_medical,50.0,2.2,78.5,75.0,153.5
total_word_count_text_max_non_medical,50.0,2.2,78.5,75.0,153.5
Maximum_duration_of_whole_fixations_mean_non_medical,50.0,2.212,78.5,77.5,156.0
Maximum_duration_of_whole_fixations_std_non_medical,50.0,2.212,78.5,77.5,156.0
total_word_count_text_std_content,50.0,2.3040000000000003,78.5,83.0,161.5
total_word_count_text_mean_content,50.0,2.6319999999999997,78.5,89.0,167.5
Maximum_duration_of_whole_fixations_min_non_medical,50.0,2.728,78.5,92.0,170.5
total_word_count_text_mean_non_medical,50.0,2.776,78.5,95.0,173.5
total_word_count_screen_max_content,50.0,2.7800000000000002,78.5,96.0,174.5
Number_of_whole_fixations_std_non_medical,50.0,2.8,78.5,98.5,177.0
Number_of_whole_fixations_mean_non_medical,50.0,2.8,78.5,98.5,177.0
Average_whole-fixation_pupil_diameter_std_non_medical,50.0,2.8240000000000003,78.5,100.5,179.0
total_word_count_screen_max_non_medical,50.0,2.8240000000000003,78.5,100.5,179.0
Average_whole-fixation_pupil_diameter_mean_non_medical,50.0,2.896,78.5,104.5,183.0
Number_of_whole_fixations_max_non_medical,50.0,3.3160000000000003,78.5,111.5,190.0
total_word_count_screen_min_content,50.0,3.3600000000000003,78.5,113.0,191.5
Time_to_first_whole_fixation_mean_non_medical,50.0,3.364,78.5,114.5,193.0
Time_to_first_whole_fixation_std_non_medical,50.0,3.364,78.5,114.5,193.0
Time_to_first_whole_fixation_min_non_medical,50.0,3.376,78.5,116.5,195.0
Duration_of_first_whole_fixation_max_non_medical,50.0,3.376,78.5,116.5,195.0
word_frequency_screen_max_content,49.6,1.016,158.0,40.0,198.0
Duration_of_first_whole_fixation_std_non_medical,50.0,3.3880000000000003,78.5,120.0,198.5
Duration_of_first_whole_fixation_min_non_medical,50.0,3.3880000000000003,78.5,120.0,198.5
Duration_of_first_whole_fixation_mean_non_medical,50.0,3.3880000000000003,78.5,120.0,198.5
Average_duration_of_whole_fixations_mean_non_medical,49.4,1.012,166.0,37.5,203.5
Total_duration_of_whole_fixations_std_non_medical,49.4,1.012,166.0,37.5,203.5
Total_duration_of_whole_fixations_max_non_medical,49.4,1.012,166.0,37.5,203.5
total_lemma_count_screen_max_non_medical,49.4,1.012,166.0,37.5,203.5
Minimum_duration_of_whole_fixations_std_non_medical,49.4,1.024,166.0,41.0,207.0
Average_whole-fixation_pupil_diameter_max_non_medical,50.0,3.868,78.5,130.0,208.5
total_word_count_screen_min_non_medical,50.0,3.9400000000000004,78.5,131.5,210.0
Total_duration_of_Visit_mean_non_medical,50.0,3.9880000000000004,78.5,133.0,211.5
Total_duration_of_Visit_std_non_medical,50.0,4.0,78.5,134.5,213.0
Average_duration_of_Visit_std_non_medical,50.0,4.0,78.5,134.5,213.0
Average_duration_of_whole_fixations_mean_clinical_simple,50.0,4.278666666666667,78.5,142.0,220.5
Time_to_entry_saccade_min_non_medical,49.0,1.168,180.0,48.5,228.5
total_lemma_count_text_mean_non_medical,48.8,1.036,189.5,42.0,231.5
word_frequency_screen_min_content,48.8,1.048,189.5,43.5,233.0
Average_pupil_diameter_std_medical_original,49.0,1.652,180.0,56.0,236.0
Average_pupil_diameter_std_medical_simple,49.0,1.72,180.0,60.0,240.0
Average_pupil_diameter_std_clinical_original,48.833333333333336,1.6613333333333336,186.0,59.0,245.0
Average_pupil_diameter_mean_medical_simple,48.75,1.6520000000000001,193.0,57.0,250.0
Minimum_duration_of_whole_fixations_mean_non_medical,47.6,1.048,210.5,43.5,254.0
Average_pupil_diameter_std_clinical_simple,48.333333333333336,1.724,196.0,61.0,257.0
Average_pupil_diameter_min_clinical_original,47.916666666666664,1.6093333333333333,207.0,54.0,261.0
Maximum_duration_of_fixations_max_non_medical,47.0,1.06,217.5,45.0,262.5
Total_duration_of_whole_fixations_mean_medical_original,49.57142857142857,2.982666666666667,159.0,106.0,265.0
total_lemma_count_text_max_content,46.666666666666664,1.1466666666666667,222.0,47.0,269.0
Average_duration_of_whole_fixations_max_non_medical,45.8,1.0959999999999999,229.5,46.0,275.5
Average_pupil_diameter_min_medical_original,48.55555555555556,2.3373333333333335,195.0,84.0,279.0
Total_duration_of_whole_fixations_mean_medical_simple,49.142857142857146,3.033333333333333,173.5,108.0,281.5
Minimum_duration_of_whole_fixations_max_non_medical,45.2,1.192,232.0,50.0,282.0
Average_whole-fixation_pupil_diameter_min_non_medical,49.0,2.896,180.0,104.5,284.5
Average_pupil_diameter_max_clinical_simple,48.111111111111114,2.3973333333333335,199.0,86.0,285.0
Average_pupil_diameter_mean_medical_original,44.2,1.324,235.0,51.0,286.0
total_lemma_count_screen_max_content,42.2,1.168,244.0,48.5,292.5
Average_pupil_diameter_max_medical_original,47.22222222222222,2.6626666666666665,214.0,90.0,304.0
Average_pupil_diameter_min_clinical_simple,43.916666666666664,2.030666666666667,239.0,65.0,304.0
Average_pupil_diameter_mean_clinical_simple,40.25,1.9959999999999998,246.0,64.0,310.0
First-pass_duration_std_non_medical,44.0,2.228,237.0,79.0,316.0
Average_duration_of_Visit_mean_non_medical,49.0,4.068,180.0,138.0,318.0
Average_pupil_diameter_mean_clinical_original,39.583333333333336,2.1813333333333333,248.0,73.0,321.0
Average_duration_of_whole_fixations_mean_medical_simple,49.0,4.3693333333333335,180.0,143.0,323.0
total_lemma_count_text_mean_content,34.0,1.62,269.0,55.0,324.0
Time_to_first_whole_fixation_max_non_medical,48.0,3.4159999999999995,203.0,124.0,327.0
Average_pupil_diameter_min_medical_simple,37.166666666666664,2.241333333333333,256.0,80.0,336.0
Average_pupil_diameter_max_clinical_original,36.916666666666664,2.2693333333333334,257.0,82.0,339.0
word_frequency_screen_std_content,31.6,1.736,280.0,62.0,342.0
total_lemma_count_text_std_content,31.0,2.04,282.0,66.0,348.0
Average_duration_of_whole_fixations_min_clinical_simple,49.0,5.449333333333333,180.0,168.0,348.0
Total_duration_of_whole_fixations_max_clinical_original,44.857142857142854,3.3773333333333335,234.0,118.0,352.0
Total_duration_of_whole_fixations_mean_clinical_simple,36.666666666666664,2.7946666666666666,259.0,97.0,356.0
Total_duration_of_whole_fixations_max_clinical_simple,45.285714285714285,3.498666666666667,231.0,126.0,357.0
Average_duration_of_whole_fixations_max_medical_original,49.0,6.072,180.0,177.0,357.0
Minimum_duration_of_whole_fixations_mean_clinical_original,49.0,6.077333333333333,180.0,178.0,358.0
Duration_of_first_fixation_max_medical_original,33.916666666666664,2.5959999999999996,271.0,88.0,359.0
word_frequency_screen_mean_content,28.4,1.864,297.0,63.0,360.0
Total_duration_of_whole_fixations_mean_clinical_original,36.77777777777778,2.825333333333333,258.0,102.0,360.0
Total_duration_of_whole_fixations_std_clinical_original,37.77777777777778,3.3106666666666666,253.0,110.0,363.0
Average_duration_of_whole_fixations_std_clinical_original,47.0,4.546666666666667,217.5,149.0,366.5
Duration_of_first_fixation_max_clinical_simple,32.333333333333336,2.7453333333333334,276.5,93.0,369.5
Average_duration_of_whole_fixations_min_medical_original,48.0,5.433333333333334,203.0,167.0,370.0
Total_duration_of_whole_fixations_std_clinical_simple,36.333333333333336,3.3160000000000003,261.0,111.5,372.5
Average_duration_of_whole_fixations_min_non_medical,23.6,1.528,323.0,52.0,375.0
Average_duration_of_whole_fixations_max_clinical_original,48.0,5.896,203.0,174.0,377.0
Minimum_duration_of_whole_fixations_mean_medical_simple,49.0,6.897333333333334,180.0,197.0,377.0
Average_duration_of_whole_fixations_std_medical_original,46.0,4.8133333333333335,227.0,151.0,378.0
total_lemma_count_text_min_content,29.0,2.544,292.0,87.0,379.0
Duration_of_first_fixation_max_medical_simple,28.8,2.3560000000000003,296.0,85.0,381.0
Minimum_duration_of_whole_fixations_mean_clinical_simple,48.0,6.176,203.0,180.0,383.0
Duration_of_first_fixation_max_clinical_original,32.083333333333336,3.012,279.0,107.0,386.0
total_lemma_count_text_std_non_medical,23.0,1.576,334.0,53.0,387.0
Average_duration_of_whole_fixations_min_medical_simple,47.0,5.6933333333333325,217.5,172.0,389.5
Minimum_duration_of_whole_fixations_min_non_medical,23.6,2.056,323.0,67.0,390.0
Total_duration_of_whole_fixations_std_medical_original,34.0,3.4133333333333336,269.0,123.0,392.0
Average_pupil_diameter_max_medical_simple,25.4,2.7266666666666666,310.5,91.0,401.5
Minimum_duration_of_whole_fixations_std_clinical_original,48.0,7.252,203.0,199.0,402.0
word_frequency_screen_std_non_medical,23.0,2.0799999999999996,334.0,68.0,402.0
Minimum_duration_of_whole_fixations_std_clinical_simple,48.0,7.265333333333333,203.0,200.0,403.0
Average_duration_of_whole_fixations_std_medical_simple,39.0,5.181333333333333,249.0,155.0,404.0
total_lemma_count_text_min_non_medical,23.0,2.164,334.0,70.0,404.0
total_word_count_text_max_content,22.6,2.096,339.0,69.0,408.0
Maximum_duration_of_fixations_min_non_medical,20.6,1.6600000000000001,351.5,58.0,409.5
Duration_of_first_fixation_min_medical_original,29.583333333333332,3.852,284.5,129.0,413.5
total_word_count_text_min_content,20.8,2.1679999999999997,347.0,71.0,418.0
Total_duration_of_whole_fixations_max_medical_original,28.9,3.509333333333333,294.0,127.0,421.0
Time_to_first_fixation_std_medical_original,50.0,13.666666666666666,78.5,343.0,421.5
word_frequency_screen_mean_non_medical,20.6,2.1759999999999997,351.5,72.0,423.5
Time_to_first_fixation_std_clinical_simple,50.0,14.34,78.5,349.0,427.5
Duration_of_first_fixation_std_clinical_simple,32.46666666666667,5.172,275.0,153.0,428.0
Duration_of_first_fixation_min_clinical_original,29.583333333333332,4.384,284.5,145.0,429.5
Minimum_duration_of_whole_fixations_std_medical_original,46.0,7.343999999999999,227.0,203.0,430.0
Average_duration_of_whole_fixations_mean_clinical_original,29.0,4.226666666666667,292.0,140.0,432.0
Maximum_duration_of_fixations_std_non_medical,20.6,2.248,351.5,81.0,432.5
Total_duration_of_whole_fixations_max_medical_simple,28.857142857142858,4.164,295.0,139.0,434.0
Duration_of_first_fixation_std_clinical_original,32.666666666666664,5.506666666666666,273.5,170.0,443.5
Average_duration_of_whole_fixations_std_clinical_simple,28.142857142857142,4.517333333333334,298.0,147.0,445.0
Maximum_duration_of_whole_fixations_max_non_medical,20.6,2.7640000000000002,351.5,94.0,445.5
Duration_of_first_fixation_mean_medical_simple,32.666666666666664,5.833333333333333,273.5,173.0,446.5
Time_to_first_fixation_std_clinical_original,50.0,15.006666666666666,78.5,369.0,447.5
total_word_count_screen_mean_content,26.333333333333332,4.228,307.0,141.0,448.0
Duration_of_first_fixation_min_medical_simple,23.8,3.5506666666666664,320.0,128.0,448.0
Duration_of_first_fixation_mean_medical_original,33.266666666666666,6.126666666666667,272.0,179.0,451.0
Maximum_duration_of_fixations_mean_non_medical,20.6,2.836,351.5,103.0,454.5
Duration_of_first_fixation_min_clinical_simple,23.866666666666667,4.058666666666666,318.0,137.0,455.0
Time_to_first_fixation_mean_medical_simple,50.0,15.673333333333334,78.5,378.0,456.5
Duration_of_first_fixation_std_medical_original,26.066666666666666,5.005333333333334,308.0,152.0,460.0
Minimum_duration_of_whole_fixations_min_clinical_original,38.0,7.438666666666666,252.0,213.0,465.0
Time_to_first_fixation_mean_medical_original,50.0,16.34,78.5,388.0,466.5
Total_duration_of_whole_fixations_std_medical_simple,21.583333333333332,3.3946666666666667,345.0,122.0,467.0
Duration_of_first_fixation_std_medical_simple,23.866666666666667,4.706666666666667,318.0,150.0,468.0
total_word_count_screen_std_content,19.0,3.272,360.0,109.0,469.0
Time_to_first_fixation_mean_clinical_simple,50.0,17.02,78.5,397.0,475.5
Average_duration_of_whole_fixations_mean_medical_original,22.1,4.046666666666666,344.0,136.0,480.0
Minimum_duration_of_whole_fixations_std_medical_simple,35.0,7.5,266.5,214.0,480.5
Total_duration_of_Visit_max_non_medical,20.6,3.9400000000000004,351.5,131.5,483.0
Average_duration_of_whole_fixations_min_clinical_original,24.5,5.450666666666667,314.5,169.0,483.5
Time_to_first_fixation_mean_clinical_original,50.0,17.69333333333333,78.5,408.0,486.5
Minimum_duration_of_fixations_max_non_medical,18.2,3.472,365.5,125.0,490.5
Number_of_fixations_max_medical_simple,50.0,18.36,78.5,417.0,495.5
Duration_of_first_fixation_mean_clinical_simple,26.666666666666668,6.62,304.5,194.0,498.5
word_frequency_text_min_medical,50.0,19.3,78.5,427.0,505.5
word_frequency_text_std_medical,50.0,19.335,78.5,429.0,507.5
word_frequency_text_max_medical,50.0,19.490000000000002,78.5,437.0,515.5
Duration_of_first_fixation_mean_clinical_original,23.866666666666667,7.1066666666666665,318.0,198.0,516.0
word_frequency_screen_max_medical,50.0,19.509999999999998,78.5,438.0,516.5
word_frequency_text_mean_medical,50.0,19.6,78.5,439.0,517.5
Minimum_duration_of_whole_fixations_min_clinical_simple,27.0,7.754666666666667,302.5,217.0,519.5
Average_duration_of_whole_fixations_max_medical_simple,20.2,6.041333333333333,356.5,176.0,532.5
Time_to_first_fixation_std_medical_simple,47.6,12.975999999999999,210.5,324.0,534.5
Average_duration_of_Visit_min_non_medical,8.0,5.176,384.5,154.0,538.5
total_word_count_screen_max_medical,50.0,20.589,78.5,464.0,542.5
Time_to_first_fixation_max_medical_original,23.466666666666665,8.128,326.0,219.0,545.0
Time_to_first_fixation_max_medical_simple,23.266666666666666,7.617333333333334,329.0,216.0,545.0
Minimum_duration_of_whole_fixations_mean_medical_original,18.6,6.4,363.0,187.5,550.5
Average_duration_of_whole_fixations_max_clinical_simple,7.266666666666667,6.001333333333333,386.0,175.0,561.0
total_word_count_screen_std_non_medical,3.0,4.3759999999999994,417.0,144.0,561.0
word_count_text_max_content,3.5,5.314666666666667,411.5,157.0,568.5
Time_to_exit_saccade_min_content,25.0,10.066666666666666,312.0,259.0,571.0
Minimum_duration_of_whole_fixations_max_clinical_original,12.0,6.690666666666667,383.0,195.0,578.0
total_lemma_count_screen_mean_medical,49.7,19.416,157.0,431.0,588.0
Total_duration_of_Visit_mean_content,50.0,23.250666666666667,78.5,515.0,593.5
Time_to_first_fixation_max_clinical_simple,19.266666666666666,8.726666666666667,359.0,235.0,594.0
Average_whole-fixation_pupil_diameter_max_content,50.0,23.333333333333332,78.5,516.0,594.5
Minimum_duration_of_fixations_min_non_medical,1.0,4.54,448.5,148.0,596.5
total_lemma_count_screen_std_medical,49.4,19.462,166.0,434.5,600.5
total_lemma_count_screen_min_medical,49.4,19.462,166.0,434.5,600.5
Average_whole-fixation_pupil_diameter_min_content,50.0,23.526666666666664,78.5,525.0,603.5
word_count_text_max_non_medical,1.0,5.311999999999999,448.5,156.0,604.5
Average_whole-fixation_pupil_diameter_std_content,50.0,23.576,78.5,528.0,606.5
word_count_text_mean_content,1.0,5.3773333333333335,448.5,158.0,606.5
Average_whole-fixation_pupil_diameter_mean_content,50.0,23.619999999999997,78.5,530.0,608.5
Minimum_duration_of_whole_fixations_min_medical_original,6.0,8.26,389.0,221.0,610.0
Time_to_first_fixation_max_clinical_original,17.4,9.358666666666666,368.0,242.0,610.0
Duration_of_first_whole_fixation_mean_content,50.0,23.665333333333333,78.5,534.0,612.5
Total_duration_of_whole_fixations_std_content,50.0,23.686666666666667,78.5,536.0,614.5
Duration_of_first_whole_fixation_max_content,50.0,23.706666666666667,78.5,537.0,615.5
Maximum_duration_of_whole_fixations_mean_content,50.0,23.708000000000002,78.5,538.0,616.5
Time_to_first_whole_fixation_max_content,50.0,23.726666666666667,78.5,539.0,617.5
Time_to_first_whole_fixation_mean_content,50.0,23.786666666666665,78.5,541.0,619.5
Number_of_whole_fixations_max_content,50.0,23.82,78.5,542.0,620.5
Maximum_duration_of_whole_fixations_max_content,50.0,23.866666666666667,78.5,543.0,621.5
Number_of_whole_fixations_mean_content,50.0,23.869333333333334,78.5,544.0,622.5
Total_duration_of_whole_fixations_max_content,50.0,23.886666666666663,78.5,545.0,623.5
Total_duration_of_whole_fixations_mean_content,50.0,23.906666666666663,78.5,547.0,625.5
total_lemma_count_screen_max_medical,48.8,19.471,189.5,436.0,625.5
Maximum_duration_of_whole_fixations_min_content,50.0,23.942666666666664,78.5,549.0,627.5
Number_of_whole_fixations_std_content,50.0,23.945333333333334,78.5,550.0,628.5
Time_to_first_fixation_min_medical_simple,17.0,9.982666666666667,371.0,258.0,629.0
Average_pupil_diameter_min_content,50.0,23.959999999999997,78.5,552.0,630.5
Minimum_duration_of_whole_fixations_min_content,50.0,23.997333333333337,78.5,554.0,632.5
Duration_of_first_fixation_min_content,50.0,24.220000000000002,78.5,558.5,637.0
Average_pupil_diameter_std_content,50.0,24.220000000000002,78.5,558.5,637.0
Duration_of_first_fixation_std_content,50.0,24.246666666666666,78.5,561.0,639.5
Duration_of_first_fixation_max_content,50.0,24.253333333333334,78.5,563.0,641.5
Average_pupil_diameter_mean_content,50.0,24.259999999999998,78.5,564.0,642.5
Duration_of_first_fixation_mean_content,50.0,24.273333333333333,78.5,565.0,643.5
Time_to_first_fixation_std_content,50.0,24.32,78.5,567.0,645.5
Time_to_first_fixation_min_content,50.0,24.366666666666667,78.5,569.0,647.5
Time_to_first_fixation_min_medical_original,17.2,10.618666666666666,369.5,278.0,647.5
id.line_std_content,2.0,8.141333333333334,427.5,220.0,647.5
Time_to_first_fixation_mean_content,50.0,24.38,78.5,570.0,648.5
total_lemma_count_text_max_medical,47.9,19.738,208.0,442.0,650.0
Time_to_first_fixation_max_content,50.0,24.453333333333333,78.5,572.0,650.5
Peak_velocity_of_exit_saccade_mean_content,26.0,13.610666666666667,309.0,342.0,651.0
Number_of_fixations_max_content,50.0,24.58,78.5,574.0,652.5
Number_of_fixations_std_content,50.0,24.586666666666666,78.5,575.0,653.5
Number_of_fixations_mean_content,50.0,24.6,78.5,576.0,654.5
Time_to_first_fixation_min_clinical_simple,17.2,11.258666666666667,369.5,288.0,657.5
Minimum_duration_of_whole_fixations_max_medical_simple,2.0,8.794666666666666,427.5,236.0,663.5
word_frequency_screen_min_medical,44.9,19.452,233.0,433.0,666.0
Number_of_fixations_max_medical_original,42.8,19.074666666666666,242.0,425.0,667.0
Maximum_duration_of_whole_fixations_mean_medical_original,2.0,9.364,427.5,243.0,670.5
Minimum_duration_of_whole_fixations_min_medical_simple,1.0,8.373333333333333,448.5,224.0,672.5
Time_to_first_fixation_min_clinical_original,16.733333333333334,12.06,372.0,305.0,677.0
Minimum_duration_of_whole_fixations_max_clinical_simple,1.0,8.524,448.5,233.0,681.5
Selective_regression-path_duration_max_content,13.666666666666666,11.730666666666668,381.0,301.0,682.0
Maximum_duration_of_whole_fixations_mean_clinical_original,1.0,9.124,448.5,238.0,686.5
Time_to_exit_saccade_min_non_medical,1.0,9.232000000000001,448.5,239.0,687.5
Duration_of_first_Visit_min_medical_simple,29.0,17.134666666666664,292.0,399.0,691.0
Maximum_duration_of_whole_fixations_mean_clinical_simple,1.0,9.390666666666668,448.5,245.0,693.5
total_lemma_count_text_mean_medical,37.5,19.646,254.0,440.0,694.0
Average_duration_of_whole_fixations_mean_content,49.4,23.741333333333333,166.0,540.0,706.0
Peak_velocity_of_exit_saccade_mean_non_medical,2.0,10.884,427.5,281.0,708.5
Peak_velocity_of_entry_saccade_min_content,18.5,14.128000000000002,364.0,346.0,710.0
Peak_velocity_of_exit_saccade_min_content,17.5,14.253333333333334,367.0,347.0,714.0
Selective_regression-path_duration_max_medical_original,34.0,19.981333333333332,269.0,446.0,715.0
total_word_count_screen_std_medical,42.5,21.318,243.0,477.0,720.0
total_word_count_screen_min_medical,35.0,20.874000000000002,266.5,471.0,737.5
total_word_count_text_min_medical,29.428571428571427,20.236,288.5,454.0,742.5
total_word_count_text_max_medical,27.8,19.979000000000003,300.0,445.0,745.0
total_word_count_text_std_medical,29.428571428571427,20.383000000000003,288.5,458.0,746.5
total_lemma_count_text_std_medical,28.1,20.076,299.0,449.0,748.0
Average_duration_of_Visit_std_content,42.0,22.746666666666666,245.0,504.0,749.0
Average_duration_of_whole_fixations_max_content,47.0,23.633333333333333,217.5,532.0,749.5
Average_duration_of_whole_fixations_min_content,47.0,23.64,217.5,533.0,750.5
total_word_count_text_mean_medical,29.428571428571427,20.55,288.5,463.0,751.5
Duration_of_first_whole_fixation_min_content,46.0,23.529333333333334,227.0,526.0,753.0
First-pass_first_fixation_duration_std_non_medical,1.0,12.172,448.5,308.0,756.5
Number_of_fixations_max_clinical_simple,24.8,19.909333333333333,313.0,444.0,757.0
word_frequency_screen_std_medical,24.5,20.0,314.5,447.0,761.5
Minimum_duration_of_whole_fixations_mean_content,45.8,23.669333333333334,229.5,535.0,764.5
Time_to_first_whole_fixation_std_content,44.0,23.6,237.0,529.0,766.0
Minimum_duration_of_whole_fixations_max_content,38.6,23.496,250.0,522.0,772.0
Time_to_first_Visit_mean_medical,50.0,30.26,78.5,696.0,774.5
Average_pupil_diameter_max_content,46.4,23.95733333333333,223.5,551.0,774.5
Number_of_Visits_max_medical,50.0,30.278,78.5,697.0,775.5
Number_of_Visits_mean_medical,50.0,30.459000000000003,78.5,700.0,778.5
Number_of_Visits_std_medical,50.0,30.468,78.5,701.0,779.5
Average_whole-fixation_eye_openness_std_content,3.0,14.618666666666666,417.0,364.0,781.0
Peak_velocity_of_exit_saccade_mean_medical,32.333333333333336,22.820999999999998,276.5,505.0,781.5
Maximum_duration_of_Visit_std_medical,50.0,30.848000000000003,78.5,706.0,784.5
Maximum_duration_of_Visit_mean_medical,50.0,30.858999999999998,78.5,707.0,785.5
word_frequency_screen_mean_medical,22.7,20.160999999999998,338.0,451.0,789.0
Minimum_duration_of_Visit_std_medical,50.0,31.144,78.5,712.0,790.5
Minimum_duration_of_Visit_mean_medical,50.0,31.247000000000003,78.5,713.0,791.5
total_lemma_count_text_min_medical,23.3,20.618000000000002,328.0,465.0,793.0
Average_duration_of_Visit_mean_medical,50.0,31.384000000000004,78.5,717.0,795.5
Total_duration_of_Visit_std_medical,50.0,31.541000000000004,78.5,721.0,799.5
Maximum_duration_of_fixations_max_content,46.4,24.717333333333332,223.5,579.0,802.5
Number_of_fixations_max_clinical_original,23.0,20.755999999999997,334.0,469.0,803.0
Average_whole-fixation_pupil_diameter_max_medical,50.0,31.799,78.5,726.0,804.5
Regression-path_duration_mean_content,1.5,15.105333333333334,434.5,371.0,805.5
Duration_of_first_whole_fixation_min_clinical_original,5.5,17.824,393.0,413.0,806.0
Average_whole-fixation_pupil_diameter_min_medical,50.0,31.968,78.5,729.0,807.5
Number_of_fixations_std_medical_simple,23.0,21.606666666666666,334.0,480.0,814.0
Average_whole-fixation_eye_openness_mean_content,1.0,14.964,448.5,367.0,815.5
total_word_count_screen_mean_medical,23.0,21.676,334.0,482.0,816.0
Time_to_first_whole_fixation_mean_medical,50.0,33.08,78.5,744.0,822.5
First-pass_regression_mean_content,1.0,15.404,448.5,375.0,823.5
Number_of_whole_fixations_max_medical,50.0,33.269999999999996,78.5,748.0,826.5
Number_of_whole_fixations_std_medical,50.0,33.339,78.5,749.0,827.5
Number_of_whole_fixations_mean_medical,50.0,33.392,78.5,751.0,829.5
Maximum_duration_of_whole_fixations_max_medical,50.0,33.452,78.5,752.0,830.5
Selective_regression-path_duration_max_medical,26.666666666666668,23.575,304.5,527.0,831.5
Selective_regression-path_duration_mean_content,1.0,15.950666666666669,448.5,383.0,831.5
Maximum_duration_of_whole_fixations_std_medical,50.0,33.629000000000005,78.5,754.0,832.5
Maximum_duration_of_whole_fixations_min_medical,50.0,33.63,78.5,755.0,833.5
Average_duration_of_whole_fixations_std_content,24.0,23.396,316.0,519.0,835.0
Minimum_duration_of_whole_fixations_max_medical,50.0,34.001999999999995,78.5,759.0,837.5
Minimum_duration_of_whole_fixations_std_content,27.2,23.890666666666668,301.0,546.0,847.0
Average_duration_of_whole_fixations_mean_medical,50.0,34.71,78.5,771.0,849.5
Minimum_duration_of_Visit_max_content,6.0,20.514666666666667,389.0,462.0,851.0
Duration_of_first_whole_fixation_std_content,22.4,23.352,341.5,517.0,858.5
Time_to_entry_saccade_min_content,1.0,17.790666666666667,448.5,412.0,860.5
Number_of_fixations_std_medical_original,18.2,22.485333333333333,365.5,497.0,862.5
Time_to_first_Visit_std_medical,49.0,30.092000000000002,180.0,694.0,874.0
Duration_of_first_fixation_max_medical,50.0,37.645,78.5,800.0,878.5
Maximum_duration_of_Visit_max_content,3.5,20.70133333333333,411.5,468.0,879.5
Time_to_first_whole_fixation_min_content,14.3,22.610666666666667,379.0,501.0,880.0
Duration_of_first_fixation_min_medical,50.0,37.97,78.5,802.0,880.5
Total_duration_of_Visit_std_content,20.0,23.506666666666668,358.0,523.0,881.0
Average_duration_of_Visit_mean_content,16.0,23.057333333333336,373.5,509.0,882.5
Total_duration_of_Visit_max_medical,49.5,31.593,160.0,724.0,884.0
Duration_of_first_fixation_std_medical,50.0,38.29,78.5,806.0,884.5
Duration_of_first_fixation_mean_medical,50.0,38.775,78.5,810.0,888.5
Average_duration_of_Visit_std_clinical_simple,6.0,22.558666666666667,389.0,500.0,889.0
Average_duration_of_Visit_min_content,8.0,22.965333333333334,384.5,508.0,892.5
Time_to_first_fixation_max_medical,50.0,39.239999999999995,78.5,815.0,893.5
Time_to_first_fixation_min_medical,50.0,39.54,78.5,818.0,896.5
Time_to_first_fixation_std_medical,50.0,39.97,78.5,820.0,898.5
Total_duration_of_Visit_max_content,5.8,22.953333333333333,391.5,507.0,898.5
Maximum_duration_of_whole_fixations_std_content,21.2,23.996,346.0,553.0,899.0
Maximum_duration_of_fixations_min_content,23.6,24.670666666666666,323.0,577.0,900.0
Duration_of_first_Visit_min_content,1.0,20.170666666666666,448.5,452.0,900.5
Time_to_first_fixation_mean_medical,50.0,40.290000000000006,78.5,824.0,902.5
Duration_of_first_whole_fixation_max_medical,49.142857142857146,32.035999999999994,173.5,731.0,904.5
word_count_text_max_medical,3.0,22.017,417.0,488.0,905.0
Maximum_duration_of_Visit_min_medical,48.0,30.621999999999996,203.0,703.0,906.0
word_count_text_std_medical,3.0,22.089000000000002,417.0,490.0,907.0
Number_of_fixations_max_medical,50.0,40.795,78.5,830.0,908.5
Number_of_fixations_std_clinical_simple,5.8,23.446666666666665,391.5,521.0,912.5
Number_of_fixations_std_medical,50.0,41.19,78.5,834.0,912.5
Time_to_first_whole_fixation_std_medical,49.285714285714285,32.835,172.0,741.0,913.0
Number_of_fixations_mean_medical,50.0,41.53,78.5,836.0,914.5
Maximum_duration_of_fixations_std_content,23.6,25.2,323.0,594.0,917.0
Number_of_Visits_mean_content,1.0,21.137333333333334,448.5,473.0,921.5
Average_whole-fixation_pupil_diameter_mean_medical,48.285714285714285,31.773000000000003,197.5,725.0,922.5
Maximum_duration_of_fixations_mean_content,23.6,25.469333333333335,323.0,600.0,923.0
Average_duration_of_Visit_max_content,3.0,23.218666666666664,417.0,514.0,931.0
Time_to_first_Visit_max_medical,43.0,29.964,241.0,691.0,932.0
Time_to_first_whole_fixation_max_medical,48.714285714285715,32.563,194.0,739.0,933.0
word_count_text_mean_medical,1.0,22.143,448.5,492.0,940.5
Duration_of_first_whole_fixation_std_medical,47.42857142857143,32.282,213.0,734.0,947.0
Minimum_duration_of_whole_fixations_mean_medical,48.8,34.189,189.5,762.0,951.5
Average_duration_of_whole_fixations_max_medical,48.8,34.279,189.5,764.0,953.5
Average_duration_of_whole_fixations_std_medical,48.8,34.675,189.5,769.0,958.5
Duration_of_first_whole_fixation_mean_medical,46.142857142857146,32.392,225.0,737.0,962.0
Minimum_duration_of_fixations_max_content,18.8,25.717333333333332,361.0,602.0,963.0
Average_whole-fixation_pupil_diameter_std_medical,43.57142857142857,31.818,240.0,727.0,967.0
Number_of_fixations_std_clinical_original,5.0,24.413333333333334,399.5,571.0,970.5
Minimum_duration_of_whole_fixations_std_medical,47.6,34.038,210.5,760.0,970.5
Average_pupil_diameter_max_medical,48.285714285714285,35.803000000000004,197.5,782.0,979.5
Average_duration_of_whole_fixations_min_medical,46.7,34.505,221.0,766.0,987.0
Peak_velocity_of_entry_saccade_mean_medical,15.333333333333334,26.522999999999996,376.0,614.0,990.0
Number_of_fixations_mean_medical_simple,5.0,25.386666666666663,399.5,596.0,995.5
Time_to_exit_saccade_min_medical,14.666666666666666,26.746999999999996,378.0,619.0,997.0
Minimum_duration_of_fixations_min_content,5.0,25.39333333333333,399.5,598.0,997.5
Average_duration_of_Visit_min_medical_simple,5.0,25.426666666666666,399.5,599.0,998.5
Time_to_first_whole_fixation_min_medical,36.5,32.654,260.0,740.0,1000.0
Peak_velocity_of_exit_saccade_min_medical,16.0,27.281,373.5,629.0,1002.5
Average_duration_of_Visit_min_medical,29.5,31.438,286.0,719.0,1005.0
Number_of_fixations_mean_medical_original,5.0,26.366666666666667,399.5,611.0,1010.5
Total_duration_of_Visit_mean_medical,29.428571428571427,31.576999999999998,288.5,723.0,1011.5
Duration_of_first_whole_fixation_min_medical,31.428571428571427,32.253,281.0,733.0,1014.0
total_lemma_count_text_min_clinical_original,50.0,53.67333333333333,78.5,936.0,1014.5
Total_duration_of_whole_fixations_max_medical,40.1,34.888999999999996,247.0,772.0,1019.0
total_lemma_count_text_std_medical_simple,50.0,54.08666666666667,78.5,943.0,1021.5
Maximum_duration_of_whole_fixations_mean_medical,35.6,33.915,264.0,758.0,1022.0
total_lemma_count_text_std_medical_original,50.0,54.25333333333333,78.5,944.0,1022.5
First-pass_regression_std_medical,5.0,27.009999999999998,399.5,623.0,1022.5
Minimum_duration_of_Visit_std_clinical_simple,3.3333333333333335,26.34,413.0,610.0,1023.0
total_lemma_count_text_mean_medical_original,50.0,54.38666666666666,78.5,946.0,1024.5
total_lemma_count_text_mean_medical_simple,50.0,54.46,78.5,947.0,1025.5
Average_duration_of_Visit_max_medical,26.5,31.439000000000004,306.0,720.0,1026.0
total_lemma_count_text_mean_clinical_simple,50.0,54.57333333333334,78.5,948.0,1026.5
Number_of_fixations_mean_clinical_simple,5.0,27.333333333333332,399.5,631.0,1030.5
Total_duration_of_whole_fixations_std_medical,37.4,35.396,255.0,777.0,1032.0
Minimum_duration_of_whole_fixations_min_medical,32.266666666666666,33.697,278.0,756.0,1034.0
Average_pupil_diameter_min_medical,38.142857142857146,36.291,251.0,787.0,1038.0
total_lemma_count_screen_min_medical_simple,50.0,55.27866666666667,78.5,960.0,1038.5
total_lemma_count_screen_min_medical_original,50.0,55.30533333333333,78.5,961.0,1039.5
total_lemma_count_screen_min_clinical_simple,50.0,55.544,78.5,964.0,1042.5
Total_duration_of_whole_fixations_mean_medical,35.3,35.596,265.0,778.0,1043.0
total_lemma_count_screen_min_clinical_original,50.0,55.91866666666667,78.5,968.0,1046.5
Time_to_first_Visit_min_medical,20.2,30.006999999999998,356.5,692.0,1048.5
total_lemma_count_screen_std_medical_simple,50.0,56.056000000000004,78.5,970.0,1048.5
Minimum_duration_of_Visit_max_medical_original,4.0,27.694666666666667,407.5,641.0,1048.5
total_lemma_count_screen_std_medical_original,50.0,56.12533333333333,78.5,971.0,1049.5
Average_pupil_diameter_std_medical,36.0,36.727,262.5,791.0,1053.5
Number_of_fixations_mean_clinical_original,5.0,28.3,399.5,654.0,1053.5
Average_whole-fixation_eye_openness_std_medical,2.5,27.355,422.0,633.0,1055.0
Average_pupil_diameter_mean_medical,36.0,37.1,262.5,793.0,1055.5
Duration_of_first_Visit_mean_medical,13.0,29.847,382.0,687.0,1069.0
Maximum_duration_of_Visit_max_medical,6.4,29.665,387.0,684.0,1071.0
Maximum_duration_of_fixations_max_medical_simple,5.0,29.266666666666666,399.5,677.0,1076.5
First-pass_regression_mean_medical,1.5,27.738999999999997,434.5,642.0,1076.5
Average_duration_of_Visit_std_medical,18.714285714285715,31.415,362.0,718.0,1080.0
Minimum_duration_of_Visit_max_medical,15.714285714285714,30.866000000000003,375.0,708.0,1083.0
Selective_regression-path_duration_mean_medical,1.5,27.919,434.5,649.0,1083.5
Average_whole-fixation_eye_openness_mean_medical,1.0,27.598000000000003,448.5,637.0,1085.5
Minimum_duration_of_Visit_min_medical,15.285714285714286,30.927999999999997,377.0,709.0,1086.0
Duration_of_first_Visit_std_medical,5.0,29.9,399.5,688.0,1087.5
Time_to_entry_saccade_min_medical,3.0,28.982999999999997,417.0,671.0,1088.0
Peak_velocity_of_entry_saccade_min_medical,1.5,28.554000000000002,434.5,659.0,1093.5
total_lemma_count_text_min_medical_simple,49.4,53.285333333333334,166.0,929.0,1095.0
total_lemma_count_text_min_medical_original,49.4,53.467999999999996,166.0,931.0,1097.0
total_lemma_count_text_min_clinical_simple,49.4,53.77733333333333,166.0,939.0,1105.0
Maximum_duration_of_fixations_max_medical_original,4.0,30.336000000000002,407.5,699.0,1106.5
Peak_velocity_of_entry_saccade_std_medical,1.0,28.648000000000003,448.5,663.0,1111.5
Duration_of_first_Visit_min_medical,2.0,29.804000000000002,427.5,686.0,1113.5
Time_to_exit_saccade_std_medical,1.0,28.782999999999998,448.5,666.0,1114.5
Peak_velocity_of_entry_saccade_mean_clinical_simple,27.0,39.074666666666666,302.5,813.0,1115.5
Maximum_duration_of_fixations_max_clinical_simple,4.0,31.316,407.5,715.0,1122.5
Minimum_duration_of_Visit_min_medical_simple,1.0,29.157333333333334,448.5,674.0,1122.5
Maximum_duration_of_fixations_max_clinical_original,4.0,32.28933333333333,407.5,735.0,1142.5
total_lemma_count_text_max_medical_simple,47.0,53.334666666666664,217.5,930.0,1147.5
Maximum_duration_of_fixations_max_medical,25.4,42.148,310.5,842.0,1152.5
Maximum_duration_of_fixations_min_medical_simple,4.0,33.26266666666667,407.5,747.0,1154.5
total_lemma_count_text_mean_clinical_original,47.6,54.79600000000001,210.5,953.0,1163.5
Maximum_duration_of_fixations_min_medical,22.4,42.716,341.5,845.0,1186.5
total_lemma_count_screen_max_medical_simple,44.0,54.74666666666667,237.0,952.0,1189.0
Maximum_duration_of_fixations_std_medical,22.4,43.229,341.5,851.0,1192.5
Maximum_duration_of_fixations_mean_medical,22.4,43.8,341.5,858.0,1199.5
total_lemma_count_text_max_clinical_original,30.6,53.48133333333333,283.0,932.0,1215.0
Minimum_duration_of_fixations_max_medical,5.2,44.432,394.0,861.0,1255.0
total_lemma_count_text_max_clinical_simple,23.4,53.532000000000004,327.0,933.0,1260.0
total_lemma_count_text_max_medical_original,23.2,53.56933333333333,330.0,934.0,1264.0
Minimum_duration_of_fixations_min_medical,4.0,44.997,407.5,865.0,1272.5
total_lemma_count_screen_max_medical_original,23.0,55.04,334.0,957.0,1291.0
Time_to_entry_saccade_min_clinical_simple,1.0,43.172,448.5,850.0,1298.5
Time_to_entry_saccade_min_medical_simple,1.0,43.48133333333333,448.5,855.0,1303.5
Time_to_entry_saccade_min_medical_original,1.0,43.501333333333335,448.5,856.0,1304.5
Time_to_exit_saccade_min_clinical_simple,2.0,46.128,427.5,877.0,1304.5
total_lemma_count_screen_max_clinical_original,20.6,55.06399999999999,351.5,958.0,1309.5
total_lemma_count_screen_max_clinical_simple,20.6,55.135999999999996,351.5,959.0,1310.5
Time_to_exit_saccade_min_clinical_original,1.0,45.292,448.5,869.0,1317.5
Peak_velocity_of_entry_saccade_max_clinical_simple,2.0,48.27066666666666,427.5,894.0,1321.5
Peak_velocity_of_exit_saccade_min_medical_original,2.6666666666666665,49.87199999999999,421.0,905.0,1326.0
Peak_velocity_of_exit_saccade_min_clinical_original,2.0,51.69466666666666,427.5,920.0,1347.5
total_lemma_count_screen_std_clinical_simple,14.0,56.292,380.0,973.0,1353.0
total_lemma_count_screen_std_clinical_original,3.0,56.36266666666667,417.0,974.0,1391.0
total_lemma_count_screen_mean_medical_simple,2.0,56.75066666666667,427.5,977.0,1404.5
Selective_regression-path_duration_mean_clinical_simple,2.0,57.66133333333334,427.5,989.0,1416.5
AOI_length_max_clinical_original,,68.8,,1169.0,
AOI_length_max_clinical_simple,,68.74,,1162.0,
AOI_length_max_content,,11.773333333333333,,302.0,
AOI_length_max_medical,,26.130000000000003,,607.0,
AOI_length_max_medical_original,,68.92,,1173.0,
AOI_length_max_medical_simple,,68.99333333333334,,1176.0,
AOI_length_max_non_medical,,12.4,,314.5,
AOI_length_mean_clinical_original,,68.77333333333333,,1167.5,
AOI_length_mean_clinical_simple,,68.96666666666667,,1175.0,
AOI_length_mean_content,,12.466666666666667,,321.0,
AOI_length_mean_medical,,26.425,,613.0,
AOI_length_mean_medical_original,,69.0,,1177.0,
AOI_length_mean_medical_simple,,68.77333333333333,,1167.5,
AOI_length_mean_non_medical,,13.38,,328.0,
AOI_length_min_clinical_original,,69.02,,1178.0,
AOI_length_min_content,,12.24,,309.0,
AOI_length_std_clinical_original,,68.76666666666667,,1166.0,
AOI_length_std_clinical_simple,,68.94666666666667,,1174.0,
AOI_length_std_content,,12.4,,314.5,
AOI_length_std_medical,,26.15,,608.0,
AOI_length_std_medical_original,,68.75333333333333,,1165.0,
AOI_length_std_medical_simple,,68.84666666666666,,1171.0,
AOI_length_std_non_medical,,12.419999999999998,,318.5,
Average_duration_of_Visit_max_clinical_original,,27.073333333333334,,625.5,
Average_duration_of_Visit_max_clinical_simple,,27.073333333333334,,625.5,
Average_duration_of_Visit_max_medical_original,,27.326666666666664,,630.0,
Average_duration_of_Visit_max_medical_simple,,27.42,,634.0,
Average_duration_of_Visit_max_non_medical,,5.4,,162.0,
Average_duration_of_Visit_mean_clinical_original,,24.886666666666667,,587.0,
Average_duration_of_Visit_mean_clinical_simple,,25.1,,591.0,
Average_duration_of_Visit_mean_medical_original,,25.186666666666667,,593.0,
Average_duration_of_Visit_mean_medical_simple,,25.280000000000005,,595.0,
Average_duration_of_Visit_min_clinical_original,,26.413333333333334,,612.0,
Average_duration_of_Visit_min_clinical_simple,,26.686666666666667,,618.0,
Average_duration_of_Visit_min_medical_original,,26.80666666666667,,622.0,
Average_duration_of_Visit_std_clinical_original,,26.013333333333332,,604.0,
Average_duration_of_Visit_std_medical_original,,26.06,,605.0,
Average_duration_of_Visit_std_medical_simple,,26.313333333333333,,609.0,
Average_duration_of_fixations_max_clinical_original,,64.97333333333333,,1095.5,
Average_duration_of_fixations_max_clinical_simple,,63.96666666666667,,1080.0,
Average_duration_of_fixations_max_content,,27.56,,636.0,
Average_duration_of_fixations_max_medical,,47.105000000000004,,884.0,
Average_duration_of_fixations_max_medical_original,,62.96666666666667,,1067.0,
Average_duration_of_fixations_max_medical_simple,,61.96,,1052.0,
Average_duration_of_fixations_max_non_medical,,7.58,,215.0,
Average_duration_of_fixations_mean_clinical_original,,77.06,,1283.0,
Average_duration_of_fixations_mean_clinical_simple,,76.05333333333333,,1282.0,
Average_duration_of_fixations_mean_content,,29.186666666666664,,676.0,
Average_duration_of_fixations_mean_medical,,49.105000000000004,,900.0,
Average_duration_of_fixations_mean_medical_original,,75.04666666666667,,1281.0,
Average_duration_of_fixations_mean_medical_simple,,74.04666666666667,,1280.0,
Average_duration_of_fixations_mean_non_medical,,11.4,,295.0,
Average_duration_of_fixations_min_clinical_original,,69.03999999999999,,1179.0,
Average_duration_of_fixations_min_clinical_simple,,68.03999999999999,,1135.0,
Average_duration_of_fixations_min_content,,28.37333333333333,,657.0,
Average_duration_of_fixations_min_medical,,47.675,,888.0,
Average_duration_of_fixations_min_medical_original,,67.03999999999999,,1120.0,
Average_duration_of_fixations_min_medical_simple,,65.97333333333333,,1105.0,
Average_duration_of_fixations_min_non_medical,,9.4,,249.0,
Average_duration_of_fixations_std_clinical_original,,73.04666666666667,,1279.0,
Average_duration_of_fixations_std_clinical_simple,,72.03999999999999,,1278.0,
Average_duration_of_fixations_std_content,,28.7,,664.0,
Average_duration_of_fixations_std_medical,,48.39,,895.0,
Average_duration_of_fixations_std_medical_original,,71.03999999999999,,1277.0,
Average_duration_of_fixations_std_medical_simple,,70.03999999999999,,1217.0,
Average_duration_of_fixations_std_non_medical,,10.4,,269.5,
Average_whole-fixation_eye_openness_max_clinical_original,,66.38000000000001,,1111.0,
Average_whole-fixation_eye_openness_max_clinical_simple,,66.45333333333333,,1112.0,
Average_whole-fixation_eye_openness_max_content,,14.44,,362.0,
Average_whole-fixation_eye_openness_max_medical,,27.619999999999997,,638.0,
Average_whole-fixation_eye_openness_max_medical_original,,66.58666666666666,,1113.0,
Average_whole-fixation_eye_openness_max_medical_simple,,66.92,,1118.0,
Average_whole-fixation_eye_openness_max_non_medical,,14.4,,357.0,
Average_whole-fixation_eye_openness_mean_clinical_original,,64.76666666666667,,1092.0,
Average_whole-fixation_eye_openness_mean_clinical_simple,,64.97333333333333,,1095.5,
Average_whole-fixation_eye_openness_mean_medical_original,,65.34666666666666,,1097.5,
Average_whole-fixation_eye_openness_mean_medical_simple,,65.40666666666667,,1099.0,
Average_whole-fixation_eye_openness_mean_non_medical,,14.4,,357.0,
Average_whole-fixation_eye_openness_min_non_medical,,14.4,,357.0,
Average_whole-fixation_eye_openness_std_clinical_original,,65.43333333333334,,1100.0,
Average_whole-fixation_eye_openness_std_clinical_simple,,65.56666666666666,,1102.0,
Average_whole-fixation_eye_openness_std_medical_original,,65.99333333333333,,1107.0,
Average_whole-fixation_eye_openness_std_medical_simple,,66.07333333333334,,1108.0,
Average_whole-fixation_eye_openness_std_non_medical,,14.4,,357.0,
Average_whole-fixation_pupil_diameter_max_clinical_original,,22.459999999999997,,496.0,
Average_whole-fixation_pupil_diameter_max_clinical_simple,,22.446666666666665,,495.0,
Average_whole-fixation_pupil_diameter_max_medical_original,,22.66,,503.0,
Average_whole-fixation_pupil_diameter_max_medical_simple,,23.193333333333335,,513.0,
Average_whole-fixation_pupil_diameter_mean_clinical_original,,20.646666666666665,,466.0,
Average_whole-fixation_pupil_diameter_mean_clinical_simple,,20.833333333333332,,470.0,
Average_whole-fixation_pupil_diameter_mean_medical_original,,20.02,,448.0,
Average_whole-fixation_pupil_diameter_mean_medical_simple,,21.240000000000002,,474.0,
Average_whole-fixation_pupil_diameter_min_clinical_original,,21.69333333333333,,483.0,
Average_whole-fixation_pupil_diameter_min_clinical_simple,,21.84,,486.0,
Average_whole-fixation_pupil_diameter_min_medical_original,,22.14,,491.0,
Average_whole-fixation_pupil_diameter_min_medical_simple,,22.413333333333334,,494.0,
Average_whole-fixation_pupil_diameter_std_clinical_original,,21.30666666666667,,476.0,
Average_whole-fixation_pupil_diameter_std_clinical_simple,,21.346666666666668,,478.0,
Average_whole-fixation_pupil_diameter_std_medical_original,,21.666666666666668,,481.0,
Average_whole-fixation_pupil_diameter_std_medical_simple,,21.78666666666667,,485.0,
Duration_of_first_Visit_max_clinical_original,,40.0,,821.0,
Duration_of_first_Visit_max_clinical_simple,,40.04,,822.0,
Duration_of_first_Visit_max_content,,19.426666666666666,,432.0,
Duration_of_first_Visit_max_medical,,29.910000000000004,,689.0,
Duration_of_first_Visit_max_medical_original,,40.080000000000005,,823.0,
Duration_of_first_Visit_max_medical_simple,,40.29333333333333,,825.0,
Duration_of_first_Visit_max_non_medical,,8.38,,225.0,
Duration_of_first_Visit_mean_clinical_original,,37.88,,801.0,
Duration_of_first_Visit_mean_clinical_simple,,37.99333333333333,,803.0,
Duration_of_first_Visit_mean_content,,20.26,,456.0,
Duration_of_first_Visit_mean_medical_original,,38.10666666666667,,804.0,
Duration_of_first_Visit_mean_medical_simple,,38.28,,805.0,
Duration_of_first_Visit_mean_non_medical,,7.4,,208.5,
Duration_of_first_Visit_min_clinical_original,,39.233333333333334,,814.0,
Duration_of_first_Visit_min_clinical_simple,,39.306666666666665,,816.0,
Duration_of_first_Visit_min_medical_original,,39.419999999999995,,817.0,
Duration_of_first_Visit_min_non_medical,,7.419999999999999,,212.0,
Duration_of_first_Visit_std_clinical_original,,38.559999999999995,,807.0,
Duration_of_first_Visit_std_clinical_simple,,38.72666666666667,,809.0,
Duration_of_first_Visit_std_content,,20.253333333333334,,455.0,
Duration_of_first_Visit_std_medical_original,,38.96666666666667,,811.0,
Duration_of_first_Visit_std_medical_simple,,39.019999999999996,,812.0,
Duration_of_first_Visit_std_non_medical,,7.4,,208.5,
Duration_of_first_whole_fixation_max_clinical_original,,19.86,,443.0,
Duration_of_first_whole_fixation_max_clinical_simple,,20.08,,450.0,
Duration_of_first_whole_fixation_max_medical_original,,20.413333333333334,,459.0,
Duration_of_first_whole_fixation_max_medical_simple,,20.366666666666667,,457.0,
Duration_of_first_whole_fixation_mean_clinical_original,,17.626666666666665,,407.0,
Duration_of_first_whole_fixation_mean_clinical_simple,,17.753333333333334,,410.0,
Duration_of_first_whole_fixation_mean_medical_original,,17.946666666666665,,414.0,
Duration_of_first_whole_fixation_mean_medical_simple,,18.253333333333334,,416.0,
Duration_of_first_whole_fixation_min_clinical_simple,,19.30666666666667,,428.0,
Duration_of_first_whole_fixation_min_medical_original,,19.40666666666667,,430.0,
Duration_of_first_whole_fixation_min_medical_simple,,19.66,,441.0,
Duration_of_first_whole_fixation_std_clinical_original,,18.38,,418.5,
Duration_of_first_whole_fixation_std_clinical_simple,,18.44,,420.0,
Duration_of_first_whole_fixation_std_medical_original,,18.69333333333333,,422.0,
Duration_of_first_whole_fixation_std_medical_simple,,18.833333333333332,,423.0,
First-pass_duration_max_clinical_original,,57.79333333333333,,991.0,
First-pass_duration_max_clinical_simple,,58.05333333333333,,995.0,
First-pass_duration_max_content,,16.026666666666667,,384.0,
First-pass_duration_max_medical,,28.165,,652.5,
First-pass_duration_max_medical_original,,58.28666666666666,,997.0,
First-pass_duration_max_medical_simple,,58.39333333333333,,998.0,
First-pass_duration_max_non_medical,,12.419999999999998,,318.5,
First-pass_duration_mean_clinical_original,,55.833333333333336,,967.0,
First-pass_duration_mean_clinical_simple,,56.25333333333333,,972.0,
First-pass_duration_mean_content,,16.113333333333333,,385.5,
First-pass_duration_mean_medical,,27.975,,650.0,
First-pass_duration_mean_medical_original,,56.45333333333333,,975.0,
First-pass_duration_mean_medical_simple,,56.96,,979.5,
First-pass_duration_mean_non_medical,,12.4,,314.5,
First-pass_duration_std_clinical_original,,57.166666666666664,,983.0,
First-pass_duration_std_clinical_simple,,57.4,,985.0,
First-pass_duration_std_content,,16.113333333333333,,385.5,
First-pass_duration_std_medical,,27.794999999999998,,645.0,
First-pass_duration_std_medical_original,,57.42666666666666,,986.0,
First-pass_duration_std_medical_simple,,57.486666666666665,,987.0,
First-pass_first_fixation_duration_max_clinical_original,,55.39333333333333,,962.0,
First-pass_first_fixation_duration_max_clinical_simple,,55.526666666666664,,963.0,
First-pass_first_fixation_duration_max_content,,16.4,,389.0,
First-pass_first_fixation_duration_max_medical,,28.165,,652.5,
First-pass_first_fixation_duration_max_medical_original,,55.72,,965.0,
First-pass_first_fixation_duration_max_medical_simple,,55.78,,966.0,
First-pass_first_fixation_duration_max_non_medical,,12.4,,314.5,
First-pass_first_fixation_duration_mean_clinical_original,,53.81333333333334,,940.0,
First-pass_first_fixation_duration_mean_clinical_simple,,54.086666666666666,,942.0,
First-pass_first_fixation_duration_mean_content,,16.653333333333332,,393.0,
First-pass_first_fixation_duration_mean_medical,,28.4,,658.0,
First-pass_first_fixation_duration_mean_medical_original,,54.373333333333335,,945.0,
First-pass_first_fixation_duration_mean_medical_simple,,54.64666666666667,,949.0,
First-pass_first_fixation_duration_mean_non_medical,,12.38,,311.0,
First-pass_first_fixation_duration_std_clinical_original,,54.693333333333335,,950.0,
First-pass_first_fixation_duration_std_clinical_simple,,54.733333333333334,,951.0,
First-pass_first_fixation_duration_std_content,,16.58,,391.0,
First-pass_first_fixation_duration_std_medical,,28.355,,656.0,
First-pass_first_fixation_duration_std_medical_original,,54.81333333333334,,954.0,
First-pass_first_fixation_duration_std_medical_simple,,54.980000000000004,,956.0,
First-pass_regression_max_clinical_original,,61.78666666666666,,1048.0,
First-pass_regression_max_clinical_simple,,61.9,,1050.0,
First-pass_regression_max_medical_original,,62.17333333333333,,1056.0,
First-pass_regression_max_medical_simple,,62.473333333333336,,1060.0,
First-pass_regression_mean_clinical_original,,60.72,,1033.0,
First-pass_regression_mean_clinical_simple,,60.76,,1034.0,
First-pass_regression_mean_medical_original,,61.12,,1039.0,
First-pass_regression_mean_medical_simple,,61.03333333333333,,1037.0,
First-pass_regression_mean_non_medical,,13.4,,333.5,
First-pass_regression_std_clinical_original,,61.16,,1040.0,
First-pass_regression_std_clinical_simple,,61.419999999999995,,1045.0,
First-pass_regression_std_content,,15.706666666666667,,379.0,
First-pass_regression_std_medical_original,,61.52666666666667,,1046.0,
First-pass_regression_std_medical_simple,,62.6,,1062.0,
First-pass_regression_std_non_medical,,13.4,,333.5,
Maximum_duration_of_Visit_max_clinical_original,,32.32,,736.0,
Maximum_duration_of_Visit_max_clinical_simple,,32.42666666666667,,738.0,
Maximum_duration_of_Visit_max_medical_original,,32.89333333333334,,742.0,
Maximum_duration_of_Visit_max_medical_simple,,32.946666666666665,,743.0,
Maximum_duration_of_Visit_max_non_medical,,6.4,,187.5,
Maximum_duration_of_Visit_mean_clinical_original,,30.333333333333332,,698.0,
Maximum_duration_of_Visit_mean_clinical_simple,,30.586666666666666,,702.0,
Maximum_duration_of_Visit_mean_content,,21.90666666666667,,487.0,
Maximum_duration_of_Visit_mean_medical_original,,30.74,,704.0,
Maximum_duration_of_Visit_mean_medical_simple,,30.746666666666666,,705.0,
Maximum_duration_of_Visit_mean_non_medical,,5.42,,166.0,
Maximum_duration_of_Visit_min_clinical_original,,31.566666666666666,,722.0,
Maximum_duration_of_Visit_min_clinical_simple,,31.933333333333334,,728.0,
Maximum_duration_of_Visit_min_content,,21.513333333333332,,479.0,
Maximum_duration_of_Visit_min_medical_original,,32.02,,730.0,
Maximum_duration_of_Visit_min_medical_simple,,32.06666666666667,,732.0,
Maximum_duration_of_Visit_min_non_medical,,6.4,,187.5,
Maximum_duration_of_Visit_std_clinical_original,,30.986666666666668,,710.0,
Maximum_duration_of_Visit_std_clinical_simple,,31.02,,711.0,
Maximum_duration_of_Visit_std_content,,21.773333333333333,,484.0,
Maximum_duration_of_Visit_std_medical_original,,31.279999999999998,,714.0,
Maximum_duration_of_Visit_std_medical_simple,,31.37333333333333,,716.0,
Maximum_duration_of_Visit_std_non_medical,,6.4,,187.5,
Maximum_duration_of_fixations_mean_clinical_original,,44.833333333333336,,863.0,
Maximum_duration_of_fixations_mean_clinical_simple,,43.833333333333336,,859.0,
Maximum_duration_of_fixations_mean_medical_original,,42.833333333333336,,847.0,
Maximum_duration_of_fixations_mean_medical_simple,,41.62,,837.0,
Maximum_duration_of_fixations_min_clinical_original,,36.62,,789.0,
Maximum_duration_of_fixations_min_clinical_simple,,35.62,,780.0,
Maximum_duration_of_fixations_min_medical_original,,34.62,,768.0,
Maximum_duration_of_fixations_std_clinical_original,,40.62,,827.0,
Maximum_duration_of_fixations_std_clinical_simple,,39.62,,819.0,
Maximum_duration_of_fixations_std_medical_original,,38.62,,808.0,
Maximum_duration_of_fixations_std_medical_simple,,37.62,,799.0,
Maximum_duration_of_whole_fixations_max_clinical_original,,11.233333333333333,,287.0,
Maximum_duration_of_whole_fixations_max_clinical_simple,,11.493333333333334,,299.0,
Maximum_duration_of_whole_fixations_max_medical_original,,11.860000000000001,,303.0,
Maximum_duration_of_whole_fixations_max_medical_simple,,11.966666666666667,,304.0,
Maximum_duration_of_whole_fixations_mean_medical_simple,,9.606666666666666,,254.0,
Maximum_duration_of_whole_fixations_min_clinical_original,,10.9,,282.0,
Maximum_duration_of_whole_fixations_min_clinical_simple,,10.966666666666667,,284.0,
Maximum_duration_of_whole_fixations_min_medical_original,,11.04,,285.0,
Maximum_duration_of_whole_fixations_min_medical_simple,,11.186666666666667,,286.0,
Maximum_duration_of_whole_fixations_std_clinical_original,,9.766666666666667,,256.0,
Maximum_duration_of_whole_fixations_std_clinical_simple,,9.833333333333334,,257.0,
Maximum_duration_of_whole_fixations_std_medical_original,,10.193333333333333,,260.0,
Maximum_duration_of_whole_fixations_std_medical_simple,,10.566666666666666,,277.0,
Minimum_duration_of_Visit_max_clinical_original,,29.64,,683.0,
Minimum_duration_of_Visit_max_clinical_simple,,29.913333333333334,,690.0,
Minimum_duration_of_Visit_max_medical_simple,,30.206666666666667,,695.0,
Minimum_duration_of_Visit_max_non_medical,,5.4,,162.0,
Minimum_duration_of_Visit_mean_clinical_original,,27.5,,635.0,
Minimum_duration_of_Visit_mean_clinical_simple,,27.666666666666668,,639.0,
Minimum_duration_of_Visit_mean_content,,22.633333333333333,,502.0,
Minimum_duration_of_Visit_mean_medical_original,,27.88,,646.0,
Minimum_duration_of_Visit_mean_medical_simple,,27.68,,640.0,
Minimum_duration_of_Visit_mean_non_medical,,7.860000000000001,,218.0,
Minimum_duration_of_Visit_min_clinical_original,,28.84,,668.0,
Minimum_duration_of_Visit_min_clinical_simple,,28.986666666666668,,672.0,
Minimum_duration_of_Visit_min_content,,22.086666666666666,,489.0,
Minimum_duration_of_Visit_min_medical_original,,29.10666666666667,,673.0,
Minimum_duration_of_Visit_min_non_medical,,5.4,,162.0,
Minimum_duration_of_Visit_std_clinical_original,,28.006666666666668,,651.0,
Minimum_duration_of_Visit_std_content,,22.313333333333333,,493.0,
Minimum_duration_of_Visit_std_medical_original,,28.346666666666668,,655.0,
Minimum_duration_of_Visit_std_medical_simple,,28.773333333333333,,665.0,
Minimum_duration_of_Visit_std_non_medical,,5.4,,162.0,
Minimum_duration_of_fixations_max_clinical_original,,48.833333333333336,,898.0,
Minimum_duration_of_fixations_max_clinical_simple,,47.833333333333336,,889.0,
Minimum_duration_of_fixations_max_medical_original,,46.833333333333336,,881.0,
Minimum_duration_of_fixations_max_medical_simple,,45.833333333333336,,873.0,
Minimum_duration_of_fixations_mean_clinical_original,,60.96,,1036.0,
Minimum_duration_of_fixations_mean_clinical_simple,,59.96,,1023.5,
Minimum_duration_of_fixations_mean_content,,27.166666666666668,,627.0,
Minimum_duration_of_fixations_mean_medical,,46.555,,880.0,
Minimum_duration_of_fixations_mean_medical_original,,58.96,,1008.0,
Minimum_duration_of_fixations_mean_medical_simple,,57.96,,993.0,
Minimum_duration_of_fixations_mean_non_medical,,6.540000000000001,,193.0,
Minimum_duration_of_fixations_min_clinical_original,,52.96,,927.0,
Minimum_duration_of_fixations_min_clinical_simple,,51.96,,923.0,
Minimum_duration_of_fixations_min_medical_original,,50.940000000000005,,914.0,
Minimum_duration_of_fixations_min_medical_simple,,49.940000000000005,,907.0,
Minimum_duration_of_fixations_std_clinical_original,,56.96,,979.5,
Minimum_duration_of_fixations_std_clinical_simple,,55.96,,969.0,
Minimum_duration_of_fixations_std_content,,26.8,,621.0,
Minimum_duration_of_fixations_std_medical,,45.7,,872.0,
Minimum_duration_of_fixations_std_medical_original,,54.96,,955.0,
Minimum_duration_of_fixations_std_medical_simple,,53.96,,941.0,
Minimum_duration_of_fixations_std_non_medical,,5.54,,171.0,
Minimum_duration_of_whole_fixations_max_medical_original,,8.706666666666667,,234.0,
Number_of_Visits_max_clinical_original,,34.34,,765.0,
Number_of_Visits_max_clinical_simple,,34.593333333333334,,767.0,
Number_of_Visits_max_content,,21.06,,472.0,
Number_of_Visits_max_medical_original,,34.693333333333335,,770.0,
Number_of_Visits_max_medical_simple,,34.96666666666667,,773.0,
Number_of_Visits_max_non_medical,,6.419999999999999,,192.0,
Number_of_Visits_mean_clinical_original,,33.1,,746.0,
Number_of_Visits_mean_clinical_simple,,33.093333333333334,,745.0,
Number_of_Visits_mean_medical_original,,33.346666666666664,,750.0,
Number_of_Visits_mean_medical_simple,,33.61333333333333,,753.0,
Number_of_Visits_mean_non_medical,,6.4,,187.5,
Number_of_Visits_std_clinical_original,,33.75333333333334,,757.0,
Number_of_Visits_std_clinical_simple,,35.10666666666667,,775.0,
Number_of_Visits_std_content,,21.27333333333333,,475.0,
Number_of_Visits_std_medical_original,,34.18666666666666,,761.0,
Number_of_Visits_std_medical_simple,,34.21333333333334,,763.0,
Number_of_Visits_std_non_medical,,6.4,,187.5,
Number_of_saccades_in_AOI_max_clinical_original,,41.973333333333336,,839.0,
Number_of_saccades_in_AOI_max_clinical_simple,,42.06666666666667,,840.0,
Number_of_saccades_in_AOI_max_content,,18.64,,421.0,
Number_of_saccades_in_AOI_max_medical,,29.345,,678.5,
Number_of_saccades_in_AOI_max_medical_original,,42.07333333333334,,841.0,
Number_of_saccades_in_AOI_max_medical_simple,,42.266666666666666,,843.0,
Number_of_saccades_in_AOI_max_non_medical,,8.4,,228.5,
Number_of_saccades_in_AOI_mean_clinical_original,,40.38,,826.0,
Number_of_saccades_in_AOI_mean_clinical_simple,,40.64666666666666,,828.0,
Number_of_saccades_in_AOI_mean_content,,19.193333333333335,,426.0,
Number_of_saccades_in_AOI_mean_medical,,29.589999999999996,,682.0,
Number_of_saccades_in_AOI_mean_medical_original,,40.77333333333333,,829.0,
Number_of_saccades_in_AOI_mean_medical_simple,,41.04,,831.0,
Number_of_saccades_in_AOI_mean_non_medical,,8.4,,228.5,
Number_of_saccades_in_AOI_std_clinical_original,,41.07333333333334,,832.0,
Number_of_saccades_in_AOI_std_clinical_simple,,41.15333333333333,,833.0,
Number_of_saccades_in_AOI_std_content,,18.94,,424.0,
Number_of_saccades_in_AOI_std_medical,,29.369999999999997,,680.0,
Number_of_saccades_in_AOI_std_medical_original,,41.419999999999995,,835.0,
Number_of_saccades_in_AOI_std_medical_simple,,41.75333333333333,,838.0,
Number_of_saccades_in_AOI_std_non_medical,,8.4,,228.5,
Number_of_whole_fixations_max_clinical_original,,13.553333333333335,,341.0,
Number_of_whole_fixations_max_clinical_simple,,13.84,,344.0,
Number_of_whole_fixations_max_medical_original,,14.326666666666666,,348.0,
Number_of_whole_fixations_max_medical_simple,,14.4,,357.0,
Number_of_whole_fixations_mean_clinical_original,,12.133333333333333,,306.0,
Number_of_whole_fixations_mean_clinical_simple,,12.153333333333334,,307.0,
Number_of_whole_fixations_mean_medical_original,,12.426666666666668,,320.0,
Number_of_whole_fixations_mean_medical_simple,,12.72,,322.0,
Number_of_whole_fixations_std_clinical_original,,12.92,,323.0,
Number_of_whole_fixations_std_clinical_simple,,13.120000000000001,,326.0,
Number_of_whole_fixations_std_medical_original,,14.826666666666666,,366.0,
Number_of_whole_fixations_std_medical_simple,,13.46,,340.0,
Peak_velocity_of_entry_saccade_max_clinical_original,,50.38,,910.0,
Peak_velocity_of_entry_saccade_max_content,,17.113333333333333,,398.0,
Peak_velocity_of_entry_saccade_max_medical,,28.645,,662.0,
Peak_velocity_of_entry_saccade_max_medical_original,,50.473333333333336,,911.0,
Peak_velocity_of_entry_saccade_max_medical_simple,,50.89333333333333,,913.0,
Peak_velocity_of_entry_saccade_max_non_medical,,11.38,,293.0,
Peak_velocity_of_entry_saccade_mean_clinical_original,,48.06666666666667,,891.0,
Peak_velocity_of_entry_saccade_mean_content,,17.413333333333334,,403.0,
Peak_velocity_of_entry_saccade_mean_medical_original,,48.2,,893.0,
Peak_velocity_of_entry_saccade_mean_medical_simple,,48.18,,892.0,
Peak_velocity_of_entry_saccade_mean_non_medical,,9.4,,249.0,
Peak_velocity_of_entry_saccade_min_clinical_original,,49.12,,901.0,
Peak_velocity_of_entry_saccade_min_clinical_simple,,49.31333333333334,,902.0,
Peak_velocity_of_entry_saccade_min_medical_original,,49.9,,906.0,
Peak_velocity_of_entry_saccade_min_medical_simple,,50.34,,909.0,
Peak_velocity_of_entry_saccade_min_non_medical,,10.559999999999999,,276.0,
Peak_velocity_of_entry_saccade_std_clinical_original,,48.54,,896.0,
Peak_velocity_of_entry_saccade_std_clinical_simple,,48.78666666666666,,897.0,
Peak_velocity_of_entry_saccade_std_content,,17.373333333333335,,402.0,
Peak_velocity_of_entry_saccade_std_medical_original,,49.013333333333335,,899.0,
Peak_velocity_of_entry_saccade_std_medical_simple,,49.486666666666665,,903.0,
Peak_velocity_of_entry_saccade_std_non_medical,,9.559999999999999,,253.0,
Peak_velocity_of_exit_saccade_max_clinical_original,,53.193333333333335,,928.0,
Peak_velocity_of_exit_saccade_max_clinical_simple,,53.626666666666665,,935.0,
Peak_velocity_of_exit_saccade_max_content,,16.793333333333333,,394.0,
Peak_velocity_of_exit_saccade_max_medical,,28.564999999999998,,661.0,
Peak_velocity_of_exit_saccade_max_medical_original,,53.71333333333334,,937.0,
Peak_velocity_of_exit_saccade_max_medical_simple,,53.733333333333334,,938.0,
Peak_velocity_of_exit_saccade_max_non_medical,,12.34,,310.0,
Peak_velocity_of_exit_saccade_mean_clinical_original,,50.86,,912.0,
Peak_velocity_of_exit_saccade_mean_clinical_simple,,51.27333333333333,,916.0,
Peak_velocity_of_exit_saccade_mean_medical_original,,51.333333333333336,,917.0,
Peak_velocity_of_exit_saccade_mean_medical_simple,,51.39333333333333,,918.0,
Peak_velocity_of_exit_saccade_min_clinical_simple,,52.72666666666667,,926.0,
Peak_velocity_of_exit_saccade_min_medical_simple,,52.666666666666664,,925.0,
Peak_velocity_of_exit_saccade_min_non_medical,,11.34,,292.0,
Peak_velocity_of_exit_saccade_std_clinical_original,,51.440000000000005,,919.0,
Peak_velocity_of_exit_saccade_std_clinical_simple,,51.81333333333334,,921.0,
Peak_velocity_of_exit_saccade_std_content,,16.893333333333334,,395.5,
Peak_velocity_of_exit_saccade_std_medical,,28.559999999999995,,660.0,
Peak_velocity_of_exit_saccade_std_medical_original,,51.88666666666666,,922.0,
Peak_velocity_of_exit_saccade_std_medical_simple,,52.32,,924.0,
Peak_velocity_of_exit_saccade_std_non_medical,,11.4,,295.0,
Regression-path_duration_max_clinical_original,,64.22,,1084.0,
Regression-path_duration_max_clinical_simple,,64.4,,1087.0,
Regression-path_duration_max_content,,15.066666666666666,,370.0,
Regression-path_duration_max_medical,,27.755000000000003,,643.0,
Regression-path_duration_max_medical_original,,64.43333333333334,,1089.0,
Regression-path_duration_max_medical_simple,,64.53333333333333,,1090.0,
Regression-path_duration_max_non_medical,,14.4,,357.0,
Regression-path_duration_mean_clinical_original,,62.72666666666667,,1063.0,
Regression-path_duration_mean_clinical_simple,,62.873333333333335,,1065.0,
Regression-path_duration_mean_medical,,27.76,,644.0,
Regression-path_duration_mean_medical_original,,62.940000000000005,,1066.0,
Regression-path_duration_mean_medical_simple,,63.39333333333333,,1070.0,
Regression-path_duration_mean_non_medical,,13.459999999999999,,339.0,
Regression-path_duration_std_clinical_original,,63.42666666666666,,1072.0,
Regression-path_duration_std_clinical_simple,,63.513333333333335,,1075.0,
Regression-path_duration_std_content,,15.120000000000001,,372.0,
Regression-path_duration_std_medical,,27.915000000000003,,648.0,
Regression-path_duration_std_medical_original,,63.66,,1077.0,
Regression-path_duration_std_medical_simple,,64.08666666666666,,1083.0,
Regression-path_duration_std_non_medical,,14.360000000000003,,351.0,
Selective_regression-path_duration_max_clinical_original,,59.96,,1023.5,
Selective_regression-path_duration_max_clinical_simple,,60.019999999999996,,1025.0,
Selective_regression-path_duration_max_medical_simple,,60.473333333333336,,1031.0,
Selective_regression-path_duration_mean_clinical_original,,58.42666666666666,,1000.0,
Selective_regression-path_duration_mean_medical_original,,58.93333333333333,,1007.0,
Selective_regression-path_duration_mean_medical_simple,,59.086666666666666,,1011.0,
Selective_regression-path_duration_mean_non_medical,,13.38,,328.0,
Selective_regression-path_duration_std_clinical_original,,59.373333333333335,,1014.0,
Selective_regression-path_duration_std_clinical_simple,,59.593333333333334,,1017.5,
Selective_regression-path_duration_std_content,,15.94,,381.5,
Selective_regression-path_duration_std_medical,,27.9,,647.0,
Selective_regression-path_duration_std_medical_original,,59.46666666666667,,1015.0,
Selective_regression-path_duration_std_medical_simple,,59.580000000000005,,1016.0,
Selective_regression-path_duration_std_non_medical,,13.4,,333.5,
Sentence_id_current_max_clinical_original,,70.46666666666667,,1245.0,
Sentence_id_current_max_clinical_simple,,70.4,,1236.5,
Sentence_id_current_max_content,,10.4,,269.5,
Sentence_id_current_max_medical,,24.884999999999998,,586.0,
Sentence_id_current_max_medical_original,,70.42,,1239.0,
Sentence_id_current_max_medical_simple,,70.43333333333334,,1241.5,
Sentence_id_current_max_non_medical,,10.4,,269.5,
Sentence_id_current_mean_clinical_original,,70.29333333333334,,1228.0,
Sentence_id_current_mean_clinical_simple,,70.14666666666668,,1224.0,
Sentence_id_current_mean_content,,9.733333333333333,,255.0,
Sentence_id_current_mean_medical,,24.81,,581.5,
Sentence_id_current_mean_medical_original,,70.36,,1233.0,
Sentence_id_current_mean_medical_simple,,70.3,,1229.0,
Sentence_id_current_mean_non_medical,,10.4,,269.5,
Sentence_id_current_min_clinical_original,,70.34666666666666,,1232.0,
Sentence_id_current_min_clinical_simple,,70.13333333333334,,1223.0,
Sentence_id_current_min_medical,,24.895,,588.0,
Sentence_id_current_min_medical_original,,70.28666666666666,,1226.5,
Sentence_id_current_min_medical_simple,,70.60666666666665,,1254.0,
Sentence_id_current_std_clinical_original,,70.28666666666666,,1226.5,
Sentence_id_current_std_clinical_simple,,70.4,,1236.5,
Sentence_id_current_std_content,,10.4,,269.5,
Sentence_id_current_std_medical,,24.79,,580.0,
Sentence_id_current_std_medical_original,,70.33999999999999,,1231.0,
Sentence_id_current_std_medical_simple,,70.38000000000001,,1235.0,
Sentence_id_current_std_non_medical,,10.360000000000001,,262.5,
Time_to_entry_saccade_max_clinical_original,,44.61333333333334,,862.0,
Time_to_entry_saccade_max_clinical_simple,,44.92666666666666,,864.0,
Time_to_entry_saccade_max_content,,17.78666666666667,,411.0,
Time_to_entry_saccade_max_medical,,28.945,,670.0,
Time_to_entry_saccade_max_medical_original,,45.03333333333333,,866.0,
Time_to_entry_saccade_max_medical_simple,,45.059999999999995,,867.0,
Time_to_entry_saccade_max_non_medical,,9.34,,241.0,
Time_to_entry_saccade_mean_clinical_original,,42.4,,844.0,
Time_to_entry_saccade_mean_clinical_simple,,42.733333333333334,,846.0,
Time_to_entry_saccade_mean_content,,18.38,,418.5,
Time_to_entry_saccade_mean_medical,,29.345,,678.5,
Time_to_entry_saccade_mean_medical_original,,43.0,,848.0,
Time_to_entry_saccade_mean_medical_simple,,43.013333333333335,,849.0,
Time_to_entry_saccade_mean_non_medical,,8.4,,228.5,
Time_to_entry_saccade_min_clinical_original,,43.95333333333333,,860.0,
Time_to_entry_saccade_std_clinical_original,,43.26,,852.0,
Time_to_entry_saccade_std_clinical_simple,,43.333333333333336,,853.0,
Time_to_entry_saccade_std_content,,18.046666666666667,,415.0,
Time_to_entry_saccade_std_medical,,29.184999999999995,,675.0,
Time_to_entry_saccade_std_medical_original,,43.47333333333333,,854.0,
Time_to_entry_saccade_std_medical_simple,,43.72,,857.0,
Time_to_entry_saccade_std_non_medical,,8.44,,232.0,
Time_to_exit_saccade_max_clinical_original,,47.24,,885.0,
Time_to_exit_saccade_max_clinical_simple,,47.32666666666667,,886.0,
Time_to_exit_saccade_max_content,,17.42,,404.0,
Time_to_exit_saccade_max_medical,,28.809999999999995,,667.0,
Time_to_exit_saccade_max_medical_original,,47.53333333333333,,887.0,
Time_to_exit_saccade_max_medical_simple,,47.99333333333333,,890.0,
Time_to_exit_saccade_max_non_medical,,9.4,,249.0,
Time_to_exit_saccade_mean_clinical_original,,45.24666666666667,,868.0,
Time_to_exit_saccade_mean_clinical_simple,,45.46666666666667,,870.0,
Time_to_exit_saccade_mean_content,,17.746666666666666,,409.0,
Time_to_exit_saccade_mean_medical,,28.855,,669.0,
Time_to_exit_saccade_mean_medical_original,,45.66,,871.0,
Time_to_exit_saccade_mean_medical_simple,,45.9,,874.0,
Time_to_exit_saccade_mean_non_medical,,9.4,,249.0,
Time_to_exit_saccade_min_medical_original,,47.019999999999996,,882.0,
Time_to_exit_saccade_min_medical_simple,,47.06666666666667,,883.0,
Time_to_exit_saccade_std_clinical_original,,46.019999999999996,,875.0,
Time_to_exit_saccade_std_clinical_simple,,46.080000000000005,,876.0,
Time_to_exit_saccade_std_content,,17.486666666666668,,406.0,
Time_to_exit_saccade_std_medical_original,,46.28666666666667,,878.0,
Time_to_exit_saccade_std_medical_simple,,46.38,,879.0,
Time_to_exit_saccade_std_non_medical,,9.4,,249.0,
Time_to_first_Visit_max_clinical_original,,37.21333333333334,,795.0,
Time_to_first_Visit_max_clinical_simple,,37.29333333333333,,796.0,
Time_to_first_Visit_max_content,,20.173333333333336,,453.0,
Time_to_first_Visit_max_medical_original,,37.333333333333336,,797.0,
Time_to_first_Visit_max_medical_simple,,37.593333333333334,,798.0,
Time_to_first_Visit_max_non_medical,,7.4,,208.5,
Time_to_first_Visit_mean_clinical_original,,35.04666666666667,,774.0,
Time_to_first_Visit_mean_clinical_simple,,35.28666666666666,,776.0,
Time_to_first_Visit_mean_content,,20.7,,467.0,
Time_to_first_Visit_mean_medical_original,,35.6,,779.0,
Time_to_first_Visit_mean_medical_simple,,35.63333333333333,,781.0,
Time_to_first_Visit_mean_non_medical,,7.340000000000001,,202.0,
Time_to_first_Visit_min_clinical_original,,36.36,,788.0,
Time_to_first_Visit_min_clinical_simple,,36.620000000000005,,790.0,
Time_to_first_Visit_min_content,,20.433333333333334,,460.0,
Time_to_first_Visit_min_medical_original,,36.919999999999995,,792.0,
Time_to_first_Visit_min_medical_simple,,37.14666666666667,,794.0,
Time_to_first_Visit_min_non_medical,,7.4,,208.5,
Time_to_first_Visit_std_clinical_original,,35.906666666666666,,783.0,
Time_to_first_Visit_std_clinical_simple,,35.94666666666667,,784.0,
Time_to_first_Visit_std_content,,20.506666666666664,,461.0,
Time_to_first_Visit_std_medical_original,,36.07333333333334,,785.0,
Time_to_first_Visit_std_medical_simple,,36.24666666666667,,786.0,
Time_to_first_Visit_std_non_medical,,7.4,,208.5,
Time_to_first_whole_fixation_max_clinical_original,,16.893333333333334,,395.5,
Time_to_first_whole_fixation_max_clinical_simple,,17.240000000000002,,400.0,
Time_to_first_whole_fixation_max_medical_original,,17.326666666666664,,401.0,
Time_to_first_whole_fixation_max_medical_simple,,17.44,,405.0,
Time_to_first_whole_fixation_mean_clinical_original,,14.46,,363.0,
Time_to_first_whole_fixation_mean_clinical_simple,,14.726666666666667,,365.0,
Time_to_first_whole_fixation_mean_medical_original,,14.993333333333334,,368.0,
Time_to_first_whole_fixation_mean_medical_simple,,15.3,,373.0,
Time_to_first_whole_fixation_min_clinical_original,,15.94,,381.5,
Time_to_first_whole_fixation_min_clinical_simple,,16.313333333333333,,387.0,
Time_to_first_whole_fixation_min_medical_original,,16.42,,390.0,
Time_to_first_whole_fixation_min_medical_simple,,16.613333333333333,,392.0,
Time_to_first_whole_fixation_std_clinical_original,,15.393333333333334,,374.0,
Time_to_first_whole_fixation_std_clinical_simple,,15.466666666666667,,376.0,
Time_to_first_whole_fixation_std_medical_original,,15.640000000000002,,377.0,
Time_to_first_whole_fixation_std_medical_simple,,15.806666666666667,,380.0,
Total_duration_of_Visit_max_clinical_original,,24.5,,573.0,
Total_duration_of_Visit_max_clinical_simple,,24.846666666666668,,584.0,
Total_duration_of_Visit_max_medical_original,,24.84,,583.0,
Total_duration_of_Visit_max_medical_simple,,24.993333333333332,,589.0,
Total_duration_of_Visit_mean_clinical_original,,23.166666666666668,,512.0,
Total_duration_of_Visit_mean_clinical_simple,,23.38,,518.0,
Total_duration_of_Visit_mean_medical_original,,23.513333333333332,,524.0,
Total_duration_of_Visit_mean_medical_simple,,23.92666666666667,,548.0,
Total_duration_of_Visit_std_clinical_original,,24.040000000000003,,556.0,
Total_duration_of_Visit_std_clinical_simple,,24.16,,557.0,
Total_duration_of_Visit_std_medical_original,,24.240000000000002,,560.0,
Total_duration_of_Visit_std_medical_simple,,24.3,,566.0,
Total_duration_of_fixations_max_clinical_original,,81.06,,1287.0,
Total_duration_of_fixations_max_clinical_simple,,80.06,,1286.0,
Total_duration_of_fixations_max_content,,29.38,,681.0,
Total_duration_of_fixations_max_medical,,49.635000000000005,,904.0,
Total_duration_of_fixations_max_medical_original,,79.06,,1285.0,
Total_duration_of_fixations_max_medical_simple,,78.06,,1284.0,
Total_duration_of_fixations_max_non_medical,,12.4,,314.5,
Total_duration_of_fixations_mean_clinical_original,,89.06666666666666,,1295.0,
Total_duration_of_fixations_mean_clinical_simple,,88.06666666666666,,1294.0,
Total_duration_of_fixations_mean_content,,30.06,,693.0,
Total_duration_of_fixations_mean_medical,,51.055,,915.0,
Total_duration_of_fixations_mean_medical_original,,87.06666666666666,,1293.0,
Total_duration_of_fixations_mean_medical_simple,,86.06666666666666,,1292.0,
Total_duration_of_fixations_mean_non_medical,,14.4,,357.0,
Total_duration_of_fixations_std_clinical_original,,85.06,,1291.0,
Total_duration_of_fixations_std_clinical_simple,,84.06,,1290.0,
Total_duration_of_fixations_std_content,,29.720000000000002,,685.0,
Total_duration_of_fixations_std_medical,,50.205,,908.0,
Total_duration_of_fixations_std_medical_original,,83.06,,1289.0,
Total_duration_of_fixations_std_medical_simple,,82.06,,1288.0,
Total_duration_of_fixations_std_non_medical,,13.4,,333.5,
id.line_max_clinical_original,,70.36666666666666,,1234.0,
id.line_max_clinical_simple,,70.26666666666667,,1225.0,
id.line_max_content,,7.333333333333333,,201.0,
id.line_max_medical,,23.115000000000002,,510.0,
id.line_max_medical_original,,70.06666666666666,,1219.5,
id.line_max_medical_simple,,70.04666666666667,,1218.0,
id.line_max_non_medical,,7.380000000000001,,204.0,
id.line_mean_clinical_original,,71.0,,1274.0,
id.line_mean_clinical_simple,,70.77333333333333,,1267.0,
id.line_mean_content,,8.353333333333333,,223.0,
id.line_mean_medical,,23.63,,531.0,
id.line_mean_medical_original,,70.89333333333335,,1271.0,
id.line_mean_medical_simple,,70.93333333333334,,1272.0,
id.line_mean_non_medical,,8.4,,228.5,
id.line_min_clinical_original,,70.73333333333333,,1263.0,
id.line_min_clinical_simple,,70.72,,1259.5,
id.line_min_content,,7.386666666666668,,205.0,
id.line_min_medical,,23.130000000000003,,511.0,
id.line_min_medical_original,,70.82666666666667,,1269.0,
id.line_min_medical_simple,,70.52666666666667,,1247.0,
id.line_min_non_medical,,7.4,,208.5,
id.line_std_clinical_original,,70.76,,1265.5,
id.line_std_clinical_simple,,71.01333333333334,,1275.0,
id.line_std_medical,,23.435000000000002,,520.0,
id.line_std_medical_original,,71.03333333333333,,1276.0,
id.line_std_medical_simple,,70.80666666666666,,1268.0,
id.line_std_non_medical,,8.34,,222.0,
id.phrase.in.brackets_max_clinical_original,,69.22666666666667,,1188.0,
id.phrase.in.brackets_max_clinical_simple,,69.3,,1192.0,
id.phrase.in.brackets_max_content,,10.879999999999999,,280.0,
id.phrase.in.brackets_max_medical,,25.575,,601.0,
id.phrase.in.brackets_max_medical_original,,69.28666666666666,,1190.5,
id.phrase.in.brackets_max_medical_simple,,69.32666666666667,,1196.0,
id.phrase.in.brackets_max_non_medical,,11.4,,295.0,
id.phrase.in.brackets_mean_clinical_original,,69.06,,1180.5,
id.phrase.in.brackets_mean_clinical_simple,,69.06666666666666,,1182.0,
id.phrase.in.brackets_mean_content,,11.7,,300.0,
id.phrase.in.brackets_mean_medical,,26.07,,606.0,
id.phrase.in.brackets_mean_medical_original,,69.06,,1180.5,
id.phrase.in.brackets_mean_medical_simple,,69.25333333333333,,1189.0,
id.phrase.in.brackets_mean_non_medical,,12.4,,314.5,
id.phrase.in.brackets_min_clinical_original,,69.19333333333334,,1187.0,
id.phrase.in.brackets_min_clinical_simple,,69.38666666666667,,1200.5,
id.phrase.in.brackets_min_medical_original,,69.48666666666666,,1204.0,
id.phrase.in.brackets_min_medical_simple,,69.37333333333332,,1197.5,
id.phrase.in.brackets_min_non_medical,,11.419999999999998,,297.5,
id.phrase.in.brackets_std_clinical_original,,69.30666666666666,,1193.0,
id.phrase.in.brackets_std_clinical_simple,,69.32,,1195.0,
id.phrase.in.brackets_std_content,,11.326666666666666,,291.0,
id.phrase.in.brackets_std_medical,,25.915,,603.0,
id.phrase.in.brackets_std_medical_original,,69.4,,1202.0,
id.phrase.in.brackets_std_medical_simple,,69.31333333333333,,1194.0,
id.phrase.in.brackets_std_non_medical,,11.419999999999998,,297.5,
left_dependents_max_clinical_original,,70.70666666666666,,1257.5,
left_dependents_max_clinical_simple,,70.6,,1253.0,
left_dependents_max_content,,10.22,,261.0,
left_dependents_max_medical,,24.81,,581.5,
left_dependents_max_medical_original,,70.44666666666667,,1243.5,
left_dependents_max_medical_simple,,70.50666666666667,,1246.0,
left_dependents_max_non_medical,,10.38,,264.0,
left_dependents_mean_clinical_original,,70.54666666666667,,1249.0,
left_dependents_mean_clinical_simple,,70.43333333333334,,1241.5,
left_dependents_mean_content,,10.4,,269.5,
left_dependents_mean_medical,,24.705000000000002,,578.0,
left_dependents_mean_medical_original,,70.31333333333333,,1230.0,
left_dependents_mean_medical_simple,,70.40666666666667,,1238.0,
left_dependents_mean_non_medical,,10.4,,269.5,
left_dependents_std_clinical_original,,70.42666666666668,,1240.0,
left_dependents_std_clinical_simple,,70.57333333333332,,1250.0,
left_dependents_std_content,,10.360000000000001,,262.5,
left_dependents_std_medical,,24.86,,585.0,
left_dependents_std_medical_original,,70.44666666666667,,1243.5,
left_dependents_std_medical_simple,,70.66000000000001,,1256.0,
left_dependents_std_non_medical,,10.4,,269.5,
right_dependents_max_clinical_original,,70.70666666666666,,1257.5,
right_dependents_max_clinical_simple,,70.58,,1251.0,
right_dependents_max_content,,8.906666666666666,,237.0,
right_dependents_max_medical,,24.035,,555.0,
right_dependents_max_medical_original,,70.76,,1265.5,
right_dependents_max_medical_simple,,70.94666666666667,,1273.0,
right_dependents_max_non_medical,,8.4,,228.5,
right_dependents_mean_clinical_original,,70.59333333333333,,1252.0,
right_dependents_mean_clinical_simple,,70.73333333333333,,1263.0,
right_dependents_mean_content,,9.4,,249.0,
right_dependents_mean_medical,,24.355,,568.0,
right_dependents_mean_medical_original,,70.72,,1259.5,
right_dependents_mean_medical_simple,,70.53999999999999,,1248.0,
right_dependents_mean_non_medical,,9.4,,249.0,
right_dependents_std_clinical_original,,70.62666666666668,,1255.0,
right_dependents_std_clinical_simple,,70.72666666666667,,1261.0,
right_dependents_std_content,,9.3,,240.0,
right_dependents_std_medical,,24.25,,562.0,
right_dependents_std_medical_original,,70.87333333333332,,1270.0,
right_dependents_std_medical_simple,,70.73333333333333,,1263.0,
right_dependents_std_non_medical,,9.38,,244.0,
tag.id_max_clinical_original,,70.08,,1221.0,
tag.id_max_clinical_simple,,70.06666666666666,,1219.5,
tag.id_max_content,,10.4,,269.5,
tag.id_max_medical,,25.130000000000003,,592.0,
tag.id_max_medical_original,,70.09333333333333,,1222.0,
tag.id_max_medical_simple,,69.99333333333334,,1216.0,
tag.id_max_non_medical,,10.4,,269.5,
tag.id_mean_clinical_original,,69.40666666666667,,1203.0,
tag.id_mean_clinical_simple,,69.56666666666666,,1206.5,
tag.id_mean_content,,10.913333333333332,,283.0,
tag.id_mean_medical,,25.39,,597.0,
tag.id_mean_medical_original,,69.38000000000001,,1199.0,
tag.id_mean_medical_simple,,69.18,,1186.0,
tag.id_mean_non_medical,,11.26,,289.5,
tag.id_min_clinical_original,,69.63333333333334,,1209.0,
tag.id_min_clinical_simple,,69.56666666666666,,1206.5,
tag.id_min_medical_original,,69.78666666666666,,1213.0,
tag.id_min_medical_simple,,69.86,,1214.0,
tag.id_min_non_medical,,11.26,,289.5,
tag.id_std_clinical_original,,69.37333333333332,,1197.5,
tag.id_std_clinical_simple,,69.6,,1208.0,
tag.id_std_content,,10.666666666666666,,279.0,
tag.id_std_medical,,25.015,,590.0,
tag.id_std_medical_original,,69.64000000000001,,1210.0,
tag.id_std_medical_simple,,69.5,,1205.0,
tag.id_std_non_medical,,10.540000000000001,,275.0,
total_lemma_count_screen_mean_clinical_original,,57.13333333333333,,982.0,
total_lemma_count_screen_mean_clinical_simple,,56.94666666666667,,978.0,
total_lemma_count_screen_mean_medical_original,,56.71333333333334,,976.0,
total_word_count_screen_max_clinical_original,,63.61333333333334,,1076.0,
total_word_count_screen_max_clinical_simple,,63.486666666666665,,1073.0,
total_word_count_screen_max_medical_original,,63.29333333333333,,1069.0,
total_word_count_screen_max_medical_simple,,63.04,,1068.0,
total_word_count_screen_mean_clinical_original,,64.84666666666666,,1094.0,
total_word_count_screen_mean_clinical_simple,,64.72,,1091.0,
total_word_count_screen_mean_medical_original,,64.77333333333333,,1093.0,
total_word_count_screen_mean_medical_simple,,64.42666666666666,,1088.0,
total_word_count_screen_mean_non_medical,,4.4,,146.0,
total_word_count_screen_min_clinical_original,,64.04,,1082.0,
total_word_count_screen_min_clinical_simple,,63.78666666666666,,1078.0,
total_word_count_screen_min_medical_original,,63.49333333333333,,1074.0,
total_word_count_screen_min_medical_simple,,63.406666666666666,,1071.0,
total_word_count_screen_std_clinical_original,,64.39333333333333,,1086.0,
total_word_count_screen_std_clinical_simple,,64.24666666666667,,1085.0,
total_word_count_screen_std_medical_original,,63.84666666666667,,1079.0,
total_word_count_screen_std_medical_simple,,64.00666666666666,,1081.0,
total_word_count_text_max_clinical_original,,61.593333333333334,,1047.0,
total_word_count_text_max_clinical_simple,,61.26,,1041.0,
total_word_count_text_max_medical_original,,61.38,,1043.0,
total_word_count_text_max_medical_simple,,61.4,,1044.0,
total_word_count_text_mean_clinical_original,,62.74666666666666,,1064.0,
total_word_count_text_mean_clinical_simple,,62.54,,1061.0,
total_word_count_text_mean_medical_original,,62.406666666666666,,1058.0,
total_word_count_text_mean_medical_simple,,62.440000000000005,,1059.0,
total_word_count_text_min_clinical_original,,62.07333333333334,,1054.0,
total_word_count_text_min_clinical_simple,,61.98,,1053.0,
total_word_count_text_min_medical_original,,61.833333333333336,,1049.0,
total_word_count_text_min_medical_simple,,61.93333333333333,,1051.0,
total_word_count_text_std_medical_original,,62.39333333333333,,1057.0,
total_word_count_text_std_medical_simple,,62.13333333333333,,1055.0,
word_count_screen_max_clinical_original,,68.29333333333334,,1140.0,
word_count_screen_max_clinical_simple,,67.98666666666666,,1134.0,
word_count_screen_max_content,,6.233333333333333,,181.0,
word_count_screen_max_medical,,22.520000000000003,,499.0,
word_count_screen_max_medical_original,,67.78666666666666,,1132.0,
word_count_screen_max_medical_simple,,67.72666666666666,,1129.0,
word_count_screen_max_non_medical,,6.32,,182.0,
word_count_screen_mean_clinical_original,,69.95333333333333,,1215.0,
word_count_screen_mean_clinical_simple,,69.70666666666666,,1212.0,
word_count_screen_mean_content,,6.76,,196.0,
word_count_screen_mean_medical,,22.84,,506.0,
word_count_screen_mean_medical_original,,69.66666666666667,,1211.0,
word_count_screen_mean_medical_simple,,69.38666666666667,,1200.5,
word_count_screen_mean_non_medical,,6.4,,187.5,
word_count_screen_min_clinical_original,,68.73333333333333,,1160.5,
word_count_screen_min_clinical_simple,,68.70666666666666,,1158.5,
word_count_screen_min_medical_original,,68.52,,1154.0,
word_count_screen_min_medical_simple,,68.56666666666666,,1156.0,
word_count_screen_std_clinical_original,,69.09333333333333,,1183.0,
word_count_screen_std_clinical_simple,,69.14666666666668,,1185.0,
word_count_screen_std_content,,6.36,,183.0,
word_count_screen_std_medical,,22.52,,498.0,
word_count_screen_std_medical_original,,69.28666666666666,,1190.5,
word_count_screen_std_medical_simple,,69.13333333333334,,1184.0,
word_count_screen_std_non_medical,,6.4,,187.5,
word_count_text_max_clinical_original,,65.85333333333332,,1104.0,
word_count_text_max_clinical_simple,,65.58666666666666,,1103.0,
word_count_text_max_medical_original,,65.46666666666667,,1101.0,
word_count_text_max_medical_simple,,65.34666666666666,,1097.5,
word_count_text_mean_clinical_original,,67.6,,1128.0,
word_count_text_mean_clinical_simple,,67.30666666666667,,1123.0,
word_count_text_mean_medical_original,,67.4,,1126.0,
word_count_text_mean_medical_simple,,67.35333333333332,,1124.0,
word_count_text_mean_non_medical,,5.4,,162.0,
word_count_text_min_clinical_original,,66.60666666666667,,1114.0,
word_count_text_min_clinical_simple,,66.27333333333334,,1110.0,
word_count_text_min_medical_original,,66.08,,1109.0,
word_count_text_min_medical_simple,,65.98666666666666,,1106.0,
word_count_text_std_clinical_original,,67.04666666666667,,1121.0,
word_count_text_std_clinical_simple,,66.74,,1117.0,
word_count_text_std_content,,5.4,,162.0,
word_count_text_std_medical_original,,66.66666666666667,,1115.0,
word_count_text_std_medical_simple,,66.70666666666666,,1116.0,
word_count_text_std_non_medical,,5.4,,162.0,
word_frequency_screen_max_clinical_original,,59.71333333333334,,1021.0,
word_frequency_screen_max_clinical_simple,,59.68666666666666,,1020.0,
word_frequency_screen_max_medical_original,,59.29333333333333,,1013.0,
word_frequency_screen_max_medical_simple,,58.98666666666667,,1009.0,
word_frequency_screen_mean_clinical_original,,61.28,,1042.0,
word_frequency_screen_mean_clinical_simple,,61.059999999999995,,1038.0,
word_frequency_screen_mean_medical_original,,60.81333333333334,,1035.0,
word_frequency_screen_mean_medical_simple,,60.406666666666666,,1030.0,
word_frequency_screen_min_clinical_original,,60.05333333333333,,1026.0,
word_frequency_screen_min_clinical_simple,,59.806666666666665,,1022.0,
word_frequency_screen_min_medical_original,,59.593333333333334,,1017.5,
word_frequency_screen_min_medical_simple,,59.65333333333333,,1019.0,
word_frequency_screen_std_clinical_original,,60.39333333333333,,1029.0,
word_frequency_screen_std_clinical_simple,,60.513333333333335,,1032.0,
word_frequency_screen_std_medical_original,,60.28,,1028.0,
word_frequency_screen_std_medical_simple,,60.06666666666667,,1027.0,
word_frequency_text_max_clinical_original,,57.72,,990.0,
word_frequency_text_max_clinical_simple,,57.580000000000005,,988.0,
word_frequency_text_max_medical_original,,57.34666666666667,,984.0,
word_frequency_text_max_medical_simple,,57.06666666666667,,981.0,
word_frequency_text_mean_clinical_original,,59.059999999999995,,1010.0,
word_frequency_text_mean_clinical_simple,,59.20666666666667,,1012.0,
word_frequency_text_mean_medical_original,,58.76,,1006.0,
word_frequency_text_mean_medical_simple,,58.7,,1004.0,
word_frequency_text_min_clinical_original,,58.4,,999.0,
word_frequency_text_min_clinical_simple,,58.126666666666665,,996.0,
word_frequency_text_min_medical_original,,58.04666666666667,,994.0,
word_frequency_text_min_medical_simple,,57.946666666666665,,992.0,
word_frequency_text_std_clinical_original,,58.666666666666664,,1002.5,
word_frequency_text_std_clinical_simple,,58.75333333333333,,1005.0,
word_frequency_text_std_medical_original,,58.666666666666664,,1002.5,
word_frequency_text_std_medical_simple,,58.64666666666667,,1001.0,
word_id_screen_max_clinical_original,,68.36666666666666,,1142.5,
word_id_screen_max_clinical_simple,,68.4,,1148.0,
word_id_screen_max_content,,13.406666666666666,,338.0,
word_id_screen_max_medical,,27.014999999999997,,624.0,
word_id_screen_max_medical_original,,68.13333333333334,,1138.0,
word_id_screen_max_medical_simple,,68.36666666666666,,1142.5,
word_id_screen_max_non_medical,,14.38,,352.0,
word_id_screen_mean_clinical_original,,67.02666666666667,,1119.0,
word_id_screen_mean_clinical_simple,,67.18,,1122.0,
word_id_screen_mean_content,,14.353333333333333,,350.0,
word_id_screen_mean_medical,,27.26,,628.0,
word_id_screen_mean_medical_original,,67.39333333333333,,1125.0,
word_id_screen_mean_medical_simple,,67.56,,1127.0,
word_id_screen_mean_non_medical,,14.4,,357.0,
word_id_screen_min_clinical_original,,68.13333333333334,,1138.0,
word_id_screen_min_clinical_simple,,68.4,,1148.0,
word_id_screen_min_medical_original,,68.36,,1141.0,
word_id_screen_min_medical_simple,,68.13333333333334,,1138.0,
word_id_screen_std_clinical_original,,67.73333333333333,,1130.0,
word_id_screen_std_clinical_simple,,67.76,,1131.0,
word_id_screen_std_content,,14.040000000000001,,345.0,
word_id_screen_std_medical,,27.340000000000003,,632.0,
word_id_screen_std_medical_original,,67.98,,1133.0,
word_id_screen_std_medical_simple,,68.07333333333334,,1136.0,
word_id_screen_std_non_medical,,14.4,,357.0,
word_id_text_max_clinical_original,,68.82,,1170.0,
word_id_text_max_clinical_simple,,68.73333333333333,,1160.5,
word_id_text_max_content,,13.06,,325.0,
word_id_text_max_medical,,26.755000000000003,,620.0,
word_id_text_max_medical_original,,68.74666666666667,,1163.5,
word_id_text_max_medical_simple,,68.85333333333332,,1172.0,
word_id_text_max_non_medical,,13.4,,333.5,
word_id_text_mean_clinical_original,,68.5,,1153.0,
word_id_text_mean_clinical_simple,,68.45333333333333,,1152.0,
word_id_text_mean_content,,13.4,,333.5,
word_id_text_mean_medical,,26.68,,616.0,
word_id_text_mean_medical_original,,68.37333333333332,,1144.0,
word_id_text_mean_medical_simple,,68.38666666666667,,1145.0,
word_id_text_mean_non_medical,,13.4,,333.5,
word_id_text_min_clinical_original,,68.4,,1148.0,
word_id_text_min_clinical_simple,,68.42,,1150.0,
word_id_text_min_medical,,26.685000000000002,,617.0,
word_id_text_min_medical_original,,68.53333333333333,,1155.0,
word_id_text_min_medical_simple,,68.74666666666667,,1163.5,
word_id_text_std_clinical_original,,68.39333333333335,,1146.0,
word_id_text_std_clinical_simple,,68.44666666666667,,1151.0,
word_id_text_std_content,,13.38,,328.0,
word_id_text_std_medical,,26.645,,615.0,
word_id_text_std_medical_original,,68.70666666666666,,1158.5,
word_id_text_std_medical_simple,,68.7,,1157.0,
word_id_text_std_non_medical,,13.4,,333.5,
