,y_true
0,non-expert
1,non-expert
2,expert
3,non-expert
4,non-expert
5,expert
6,expert
7,expert
8,non-expert
9,non-expert
10,non-expert
11,non-expert
12,non-expert
13,non-expert
14,non-expert
15,non-expert
16,non-expert
17,non-expert
18,expert
19,non-expert
20,expert
21,non-expert
22,expert
23,expert
24,non-expert
25,non-expert
26,non-expert
27,expert
28,expert
29,non-expert
30,expert
31,non-expert
32,non-expert
33,non-expert
34,non-expert
35,expert
36,expert
37,non-expert
38,non-expert
39,non-expert
40,non-expert
41,expert
42,non-expert
43,non-expert
44,non-expert
45,expert
46,expert
47,expert
48,non-expert
49,expert
